INDEX_NAME,INDEX_TYPE,TABLE_NAME,TABLE_TYPE,TABLESPACE_NAME,IND_COLS,DATASOURCE
ADH_DBNOTE_UK1_UK,NORMAL,AP_DBNOTE_HEADERS,TABLE,ORATECH_DATA,DBNOTE_NUMBER,ORATECHDATAHUB
ADH_PK,NORMAL,AP_DBNOTE_HEADERS,TABLE,ORATECH_DATA,DBNOTE_ID,ORATECHDATAHUB
ADL_PK,NORMAL,AP_DBNOTE_LINES,TABLE,ORATECH_DATA,DBNOTE_LINE_ID~DBNOTE_ID~,ORATECHDATAHUB
AOL_PK,NORMAL,AP_DBNOTE_LINES,TABLE,ORATECH_DATA,DBNOTE_LINE_ID,ORATECHDATAHUB
APINVHDUPINVNUM_UK5,NORMAL,AP_INVOICE_HEADERS,TABLE,ORATECH_DATA,SUP_SUPPLIER_ID~VOUCHER_NUM~,ORATECHDATAHUB
APINV_BATCHNAME,NORMAL,AP_INVOICE_HEADERS,TABLE,ORATECH_INDX,BATCH_NAME,ORATECHDATAHUB
APINV_PK,NORMAL,AP_INVOICE_HEADERS,TABLE,ORATECH_DATA,INVOICE_ID,ORATECHDATAHUB
APINV_POHID,NORMAL,AP_INVOICE_HEADERS,TABLE,ORATECH_INDX,PO_HEADER_ID,ORATECHDATAHUB
APINV_UK1,NORMAL,AP_INVOICE_HEADERS,TABLE,ORATECH_DATA,INVOICE_NUMBER,ORATECHDATAHUB
APINVL_PK,NORMAL,AP_INVOICE_LINES,TABLE,ORATECH_DATA,INVOICE_LINE_ID,ORATECHDATAHUB
APINVL_POLID,NORMAL,AP_INVOICE_LINES,TABLE,ORATECH_INDX,PO_LINE_ID,ORATECHDATAHUB
APINVL_UK1,NORMAL,AP_INVOICE_LINES,TABLE,ORATECH_DATA,INVOICE_ID~SL_NO~,ORATECHDATAHUB
AO1_PK,NORMAL,AP_OPTIONS,TABLE,ORATECH_DATA,AP_OPTIONS_ID,ORATECHDATAHUB
APPMNT_BATCHNAME,NORMAL,AP_PAYMENT_HEADERS,TABLE,ORATECH_INDX,BATCH_NAME,ORATECHDATAHUB
APPMNT_PK,NORMAL,AP_PAYMENT_HEADERS,TABLE,ORATECH_DATA,PAYMENT_HEADER_ID,ORATECHDATAHUB
APINVL_UK2,NORMAL,AP_PAYMENT_LINES,TABLE,ORATECH_DATA,PAYMENT_HEADER_ID~SL_NO~,ORATECHDATAHUB
APPMNTL_INVOICEID,NORMAL,AP_PAYMENT_LINES,TABLE,ORATECH_INDX,INVOICE_ID,ORATECHDATAHUB
APPMNTL_PK,NORMAL,AP_PAYMENT_LINES,TABLE,ORATECH_DATA,PAYMENT_LINE_ID,ORATECHDATAHUB
APPMNTL_SUPID,NORMAL,AP_PAYMENT_LINES,TABLE,ORATECH_INDX,SUP_SUPPLIER_ID,ORATECHDATAHUB
AP_SUPNAME,NORMAL,AP_SUPPLIERS,TABLE,ORATECH_INDX,SUPPLIER_NAME,ORATECHDATAHUB
AP_SUPORIGREF,NORMAL,AP_SUPPLIERS,TABLE,ORATECH_INDX,ORIG_SYSTEM_REF,ORATECHDATAHUB
SUPPLIERNUMBER_UK4,NORMAL,AP_SUPPLIERS,TABLE,ORATECH_DATA,SUPPLIER_NUMBER,ORATECHDATAHUB
SUP_PK,NORMAL,AP_SUPPLIERS,TABLE,ORATECH_DATA,SUPPLIER_ID,ORATECHDATAHUB
ASPL_AR_SUPPL_UK_UK,NORMAL,AP_SUPPLIER_PRICE_LISTS,TABLE,ORATECH_DATA,ITEM_ID~SUPPLIER_ID~,ORATECHDATAHUB
ASPL_PK,NORMAL,AP_SUPPLIER_PRICE_LISTS,TABLE,ORATECH_DATA,PRICE_LIST_ID,ORATECHDATAHUB
ASP_AP_SUP_PROF_UK1_UK,NORMAL,AP_SUPPLIER_PROFILES,TABLE,ORATECH_DATA,SUP_PROFILE_NAME,ORATECHDATAHUB
ASP_PK,NORMAL,AP_SUPPLIER_PROFILES,TABLE,ORATECH_DATA,SUP_PROFILE_ID,ORATECHDATAHUB
SUPSNAP_PK,NORMAL,AP_SUPSUM_SNAP,TABLE,ORATECH_DATA,SNAPSHOT_ID,ORATECHDATAHUB
CUSTLOGINNAME_UK9,NORMAL,AR_CUSTOMERS,TABLE,ORATECH_DATA,LOGIN_NAME,ORATECHDATAHUB
CUSTNAME_NDX,NORMAL,AR_CUSTOMERS,TABLE,ORATECH_INDX,CUSTOMER_NAME,ORATECHDATAHUB
CUSTOMERNUMBER_UK4,NORMAL,AR_CUSTOMERS,TABLE,ORATECH_DATA,CUSTOMER_NUMBER,ORATECHDATAHUB
CUST_PK,NORMAL,AR_CUSTOMERS,TABLE,ORATECH_DATA,CUSTOMER_ID,ORATECHDATAHUB
ARCUSTOMERIMP_PK,NORMAL,AR_CUSTOMER_IMPORT,TABLE,ORATECH_DATA,IMPORT_ID,ORATECHDATAHUB
ARPL_PK,NORMAL,AR_CUSTOMER_PRICELISTS,TABLE,ORATECH_DATA,CUSTOMER_PRICELIST_ID,ORATECHDATAHUB
ARPL_UK1,NORMAL,AR_CUSTOMER_PRICELISTS,TABLE,ORATECH_DATA,CUSTOMER_ID~PRICELIST_HEADER_ID~,ORATECHDATAHUB
ARPL_UK2,NORMAL,AR_CUSTOMER_PRICELISTS,TABLE,ORATECH_DATA,CUSTOMER_ID~SL_NO~,ORATECHDATAHUB
ACPL_AR_PRICELIST_UK_UK,NORMAL,AR_CUSTOMER_PRICE_LISTS,TABLE,ORATECH_DATA,CUSTOMER_ID~ITEM_ID~,ORATECHDATAHUB
ACPL_PK,NORMAL,AR_CUSTOMER_PRICE_LISTS,TABLE,ORATECH_DATA,PRICE_LIST_ID,ORATECHDATAHUB
CTP_AR_CUSTPROF_UK1_UK,NORMAL,AR_CUSTOMER_PROFILES,TABLE,ORATECH_DATA,CUST_PROFILE_NAME,ORATECHDATAHUB
CTP_PK,NORMAL,AR_CUSTOMER_PROFILES,TABLE,ORATECH_DATA,CUST_PROFILE_ID,ORATECHDATAHUB
CUSTSPLITHEADERS_PK,NORMAL,AR_CUSTSPLIT_HEADERS,TABLE,ORATECH_DATA,CUSTSPLIT_ID,ORATECHDATAHUB
CUSTSPLITHEADERS_UK1,NORMAL,AR_CUSTSPLIT_HEADERS,TABLE,ORATECH_DATA,CUSTSPLIT_NAME,ORATECHDATAHUB
CUSTSPLITLINES_PK,NORMAL,AR_CUSTSPLIT_LINES,TABLE,ORATECH_DATA,CUSTSPLIT_LINE_ID,ORATECHDATAHUB
CUSTSPLITLINES_UK1,NORMAL,AR_CUSTSPLIT_LINES,TABLE,ORATECH_DATA,CUSTSPLIT_ID~CUSTOMER_ID~,ORATECHDATAHUB
CUSTSUMSNAP_PK,NORMAL,AR_CUSTSUM_SNAP,TABLE,ORATECH_DATA,SNAPSHOT_ID,ORATECHDATAHUB
CUSBARCODE_PK,NORMAL,AR_CUST_BARCODE_UPLOADS,TABLE,ORATECH_DATA,UPLOAD_BARCODE_ID,ORATECHDATAHUB
CUSBARCODE_UK1,NORMAL,AR_CUST_BARCODE_UPLOADS,TABLE,ORATECH_DATA,UPLOAD_ID~BARCODE~,ORATECHDATAHUB
ARCUSTEXCATL_PK,NORMAL,AR_CUST_ITEM_EXLCATEGORIES,TABLE,ORATECH_DATA,EXL_CATEGORY_ID,ORATECHDATAHUB
ARCUSTMAPCATL_PK,NORMAL,AR_CUST_ITEM_MAPCATEGORIES,TABLE,ORATECH_DATA,MAP_CATEGORY_ID,ORATECHDATAHUB
MAP_CATSUBCAT_NDX,NORMAL,AR_CUST_ITEM_MAPCATEGORIES,TABLE,ORATECH_INDX,CUSTOMER_ID~CATEGORY_ID~SUB_CATEGORY_ID,ORATECHDATAHUB
ARCUSTITEMOFFER_NDX,NORMAL,AR_CUST_ITEM_OFFERS,TABLE,ORATECH_INDX,CUSTOMER_ID~OFFER_HEADER_ID~,ORATECHDATAHUB
ARCUSTOFFER_PK,NORMAL,AR_CUST_ITEM_OFFERS,TABLE,ORATECH_DATA,OFFER_ID,ORATECHDATAHUB
ARCUSTITEMUPLOAD_NDX3,NORMAL,AR_CUST_ITEM_UPLOADS,TABLE,ORATECH_DATA,ITEM_ID~UPLOAD_STATUS~,ORATECHDATAHUB
ARCUSTITEMUP_INDX2,NORMAL,AR_CUST_ITEM_UPLOADS,TABLE,ORATECH_INDX,CUSTOMER_ID~UPLOAD_ITEM~ITEM_ID,ORATECHDATAHUB
CUSTITEM_PK,NORMAL,AR_CUST_ITEM_UPLOADS,TABLE,ORATECH_DATA,UPLOAD_ID,ORATECHDATAHUB
ACPM_PK,NORMAL,AR_CUST_PAYMENT_METHODS,TABLE,ORATECH_DATA,CPM_ID,ORATECHDATAHUB
CMP_UK1,NORMAL,AR_CUST_PAYMENT_METHODS,TABLE,ORATECH_DATA,CUST_CUSTOMER_ID~CPM_PMNT_METHOD_ID~,ORATECHDATAHUB
ACSC_PK,NORMAL,AR_CUST_STORE_CARDSES,TABLE,ORATECH_DATA,CARD_NO,ORATECHDATAHUB
AR_DELH_PK,NORMAL,AR_DELIVERY_HEADERS,TABLE,ORATECH_DATA,DELIVERY_HEADER_ID,ORATECHDATAHUB
AR_DELH_UK1,NORMAL,AR_DELIVERY_HEADERS,TABLE,ORATECH_DATA,DELIVERY_NOTE_NUMBER,ORATECHDATAHUB
AR_DELL_PK,NORMAL,AR_DELIVERY_LINES,TABLE,ORATECH_DATA,DELIVERY_LINE_ID,ORATECHDATAHUB
AR_DELL_UK,NORMAL,AR_DELIVERY_LINES,TABLE,ORATECH_DATA,DELIVERY_HEADER_ID~SL_NO~,ORATECHDATAHUB
AR_FREIGHT_COUNTRIES_PK,NORMAL,AR_FREIGHT_COUNTRIES,TABLE,ORATECH_DATA,FREIGHT_COUNTRY_ID,ORATECHDATAHUB
AR_FREIGHT_COUNTRIES_UK1,NORMAL,AR_FREIGHT_COUNTRIES,TABLE,ORATECH_DATA,FREIGHT_LINE_ID~COUNTRY_CODE~,ORATECHDATAHUB
ARFREIGHT_PK,NORMAL,AR_FREIGHT_HEADERS,TABLE,ORATECH_DATA,FREIGHT_HEADER_ID,ORATECHDATAHUB
ARFREIGHT_UK1,NORMAL,AR_FREIGHT_HEADERS,TABLE,ORATECH_DATA,NAME,ORATECHDATAHUB
ARFREIGHTL_PK,NORMAL,AR_FREIGHT_LINES,TABLE,ORATECH_DATA,FREIGHT_LINE_ID,ORATECHDATAHUB
ARFREIGHTL_UK1,NORMAL,AR_FREIGHT_LINES,TABLE,ORATECH_DATA,FREIGHT_NAME,ORATECHDATAHUB
ARFREIGHTL_UK2,NORMAL,AR_FREIGHT_LINES,TABLE,ORATECH_DATA,FREIGHT_CODE,ORATECHDATAHUB
AFM_PK,NORMAL,AR_FREIGHT_MASTERS,TABLE,ORATECH_DATA,FREIGHT_CODE,ORATECHDATAHUB
ARINVBATCHL_PK,NORMAL,AR_INVBATCH_COUNT,TABLE,ORATECH_DATA,INVBATCH_GROUP_ID~INVBATCH_LINE_ID~,ORATECHDATAHUB
ARINVH_NDX3,NORMAL,AR_INVOICE_HEADERS,TABLE,ORATECH_INDX,INVOICE_HEADER_ID~INVOICE_STATUS~ORDER_HEADER_ID,ORATECHDATAHUB
ARINVH_PK,NORMAL,AR_INVOICE_HEADERS,TABLE,ORATECH_DATA,INVOICE_HEADER_ID,ORATECHDATAHUB
ARINVH_UK1,NORMAL,AR_INVOICE_HEADERS,TABLE,ORATECH_DATA,INVOICE_NUMBER,ORATECHDATAHUB
ARINV_FOGRID,NORMAL,AR_INVOICE_HEADERS,TABLE,ORATECH_INDX,INVOICE_DATE~INVOICE_STATUS~SHIPFROM_LOCATION_ID,ORATECHDATAHUB
INVCREDITNOTE_INDX,NORMAL,AR_INVOICE_HEADERS,TABLE,ORATECH_INDX,INVOICE_STATUS~CREDIT_INVOICE_HEADER_ID~,ORATECHDATAHUB
ARINVLINEHEADERID,NORMAL,AR_INVOICE_LINES,TABLE,ORATECH_INDX,INVOICE_HEADER_ID,ORATECHDATAHUB
ARINVLINE_ITEMID_NDX,NORMAL,AR_INVOICE_LINES,TABLE,ORATECH_INDX,ITEM_ID,ORATECHDATAHUB
ARINVLINE_PK,NORMAL,AR_INVOICE_LINES,TABLE,ORATECH_DATA,INVOICE_LINE_ID,ORATECHDATAHUB
INVCREDITNOTELINE_INDX,NORMAL,AR_INVOICE_LINES,TABLE,ORATECH_INDX,INVOICE_LINE_STATUS~CREDIT_INVOICE_LINE_ID~,ORATECHDATAHUB
ARFULFILL_PK,NORMAL,AR_ITEM_FULFILLMENT,TABLE,ORATECH_DATA,FULFILLMENT_ID,ORATECHDATAHUB
AO_PK,NORMAL,AR_OPTIONS,TABLE,ORATECH_DATA,AR_OPTION_ID,ORATECHDATAHUB
ORDERPADHEAD_NAME_UK1,NORMAL,AR_ORDERPAD_HEADERS,TABLE,ORATECH_DATA,ORDERPAD_NAME,ORATECHDATAHUB
ORDPADHEAD_PK,NORMAL,AR_ORDERPAD_HEADERS,TABLE,ORATECH_DATA,ORDERPAD_HEADER_ID,ORATECHDATAHUB
ORDPAD_DELIVERTOCONTACT_NDX,NORMAL,AR_ORDERPAD_HEADERS,TABLE,ORATECH_INDX,DELIVERTO_CONTACT_ID,ORATECHDATAHUB
ORDERPADLINE_PK,NORMAL,AR_ORDERPAD_LINES,TABLE,ORATECH_DATA,ORDERPAD_LINE_ID,ORATECHDATAHUB
ARPMNTH_PK,NORMAL,AR_PAYMENT_HEADERS,TABLE,ORATECH_DATA,PAYMENT_HEADER_ID,ORATECHDATAHUB
ARPMNTH_UK1,NORMAL,AR_PAYMENT_HEADERS,TABLE,ORATECH_DATA,PAYMENT_NUMBER,ORATECHDATAHUB
ARPMNT_ENTRYMETHOD_NDX,NORMAL,AR_PAYMENT_HEADERS,TABLE,ORATECH_INDX,ENTRY_METHOD,ORATECHDATAHUB
ARPMNTL_NEW_UK1,NORMAL,AR_PAYMENT_LINES,TABLE,ORATECH_DATA,PAYMENT_HEADER_ID~INVOICE_HEADER_ID~PMNT_METHOD_ID,ORATECHDATAHUB
ARPMNTL_PK,NORMAL,AR_PAYMENT_LINES,TABLE,ORATECH_DATA,PAYMENT_LINE_ID,ORATECHDATAHUB
ARPMNT_DUPINVOICEID,NORMAL,AR_PAYMENT_LINES,TABLE,ORATECH_INDX,PAYMENT_HEADER_ID~INVOICE_HEADER_ID~,ORATECHDATAHUB
ARREPAYMENT_PK,NORMAL,AR_REPAYMENT_LINES,TABLE,ORATECH_DATA,REPAYMENT_LINE_ID,ORATECHDATAHUB
ARSALCRGRP_PK,NORMAL,AR_SALCR_GROUPS,TABLE,ORATECH_DATA,SALCR_GROUP_ID,ORATECHDATAHUB
ARSALCRGRP_UK1,NORMAL,AR_SALCR_GROUPS,TABLE,ORATECH_DATA,SALCR_GROUP_NAME,ORATECHDATAHUB
ARSALCRGRPM_PK,NORMAL,AR_SALCR_GROUP_MEMBERS,TABLE,ORATECH_DATA,SALCR_GROUP_MEMBER_ID,ORATECHDATAHUB
AR_SALH_PK,NORMAL,AR_SALESORDER_HEADERS,TABLE,ORATECH_DATA,ORDER_HEADER_ID,ORATECHDATAHUB
AR_SALH_UK1,NORMAL,AR_SALESORDER_HEADERS,TABLE,ORATECH_DATA,ORDER_NUMBER,ORATECHDATAHUB
ARSALORDERIMP_NDX1,NORMAL,AR_SALESORDER_IMPORT,TABLE,ORATECH_INDX,BATCH_NAME,ORATECHDATAHUB
ARSALORDERIMP_NDX2,NORMAL,AR_SALESORDER_IMPORT,TABLE,ORATECH_INDX,BATCH_NAME~IMPORT_STATUS~,ORATECHDATAHUB
ARSALORDERIMP_PK,NORMAL,AR_SALESORDER_IMPORT,TABLE,ORATECH_DATA,IMPORT_ID,ORATECHDATAHUB
ARSALORDIMP_WEBORD,NORMAL,AR_SALESORDER_IMPORT,TABLE,ORATECH_INDX,CUSTOMER_ID~T_ORDERNUMBER~,ORATECHDATAHUB
ARORDLINEHEADERID,NORMAL,AR_SALESORDER_LINES,TABLE,ORATECH_INDX,ORDER_HEADER_ID,ORATECHDATAHUB
ARORDLINE_ITEMID_NDX,NORMAL,AR_SALESORDER_LINES,TABLE,ORATECH_INDX,ITEM_ID,ORATECHDATAHUB
ARSALORD_READYTODELITNDX,NORMAL,AR_SALESORDER_LINES,TABLE,ORATECH_INDX,ORDER_HEADER_ID~PHASE_CODE~T_ORDERNUMBER~ITEM_ID~,ORATECHDATAHUB
ARSALORD_READYTODELNDX,NORMAL,AR_SALESORDER_LINES,TABLE,ORATECH_INDX,ORDER_HEADER_ID~PHASE_CODE~T_ORDERNUMBER,ORATECHDATAHUB
ARSOLINE_PK,NORMAL,AR_SALESORDER_LINES,TABLE,ORATECH_DATA,ORDER_LINE_ID,ORATECHDATAHUB
ARPICKLIST_PK,NORMAL,AR_SALESORDER_PICKLIST,TABLE,ORATECH_DATA,PICKLIST_ID,ORATECHDATAHUB
ARSOSTAT_PK,NORMAL,AR_SALESORDER_STATUSES,TABLE,ORATECH_DATA,STATUS_ID,ORATECHDATAHUB
ARSALPER_PK,NORMAL,AR_SALES_PERSONS,TABLE,ORATECH_DATA,SALES_PERSON_ID,ORATECHDATAHUB
ARSALPER_UK3,NORMAL,AR_SALES_PERSONS,TABLE,ORATECH_DATA,SALES_PERSON_NUMBER,ORATECHDATAHUB
ARSOIMPBATCH_PK,NORMAL,AR_SOIMPORT_BATCH,TABLE,ORATECH_DATA,BATCH_ID,ORATECHDATAHUB
ARSOIMPBATCH_UK1,NORMAL,AR_SOIMPORT_BATCH,TABLE,ORATECH_DATA,BATCH_NAME,ORATECHDATAHUB
AUDITMINUSSTOCK_NDX1,NORMAL,AUDIT_MINUSSTOCK,TABLE,ORATECH_INDX,LOCATION_ID~SUB_LOCATION_ID~ITEM_ID,ORATECHDATAHUB
INVMINSTOCK_PK,NORMAL,AUDIT_MINUSSTOCK,TABLE,ORATECH_DATA,MINUSSTOCK_ID,ORATECHDATAHUB
AUDITSTOCK_NDX1,NORMAL,AUDIT_STOCK_HISTORY,TABLE,ORATECH_INDX,LOCATION_ID~ITEM_ID~,ORATECHDATAHUB
SYS_C00142950,NORMAL,AUTH_GROUP,TABLE,ORATECH_DATA,ID,ORATECHDATAHUB
SYS_C00142951,NORMAL,AUTH_GROUP,TABLE,ORATECH_DATA,NAME,ORATECHDATAHUB
AUTH_GROUP_GROUP_ID_B120CBF9,NORMAL,AUTH_GROUP_PERMISSIONS,TABLE,ORATECH_DATA,GROUP_ID,ORATECHDATAHUB
AUTH_GROUP_PERMISSION_84C5C92E,NORMAL,AUTH_GROUP_PERMISSIONS,TABLE,ORATECH_DATA,PERMISSION_ID,ORATECHDATAHUB
AUTH_GROU_GROUP_ID__0CD325B0_U,NORMAL,AUTH_GROUP_PERMISSIONS,TABLE,ORATECH_DATA,GROUP_ID~PERMISSION_ID~,ORATECHDATAHUB
SYS_C00142955,NORMAL,AUTH_GROUP_PERMISSIONS,TABLE,ORATECH_DATA,ID,ORATECHDATAHUB
AUTH_PERMI_CONTENT_TY_2F476E4B,NORMAL,AUTH_PERMISSION,TABLE,ORATECH_DATA,CONTENT_TYPE_ID,ORATECHDATAHUB
AUTH_PERM_CONTENT_T_01AB375A_U,NORMAL,AUTH_PERMISSION,TABLE,ORATECH_DATA,CONTENT_TYPE_ID~CODENAME~,ORATECHDATAHUB
SYS_C00142948,NORMAL,AUTH_PERMISSION,TABLE,ORATECH_DATA,ID,ORATECHDATAHUB
CMNINFOS_NDX1,NORMAL,CMN_ADDITIONAL_INFO,TABLE,ORATECH_INDX,INFO_SOURCE~INFO_SOURCE_ID~INFO_TYPE_CODE,ORATECHDATAHUB
CMNINFO_PK,NORMAL,CMN_ADDITIONAL_INFO,TABLE,ORATECH_DATA,INFO_ID,ORATECHDATAHUB
CMNALERT_NDX1,NORMAL,CMN_ALERTS,TABLE,USERS,SOURCE~SOURCE_ID~NAME~ALERT_EVENT~,ORATECHDATAHUB
CMNALERT_NDX2,NORMAL,CMN_ALERTS,TABLE,USERS,SOURCE~SOURCE_ID~START_DATE_ACTIVE~END_DATE_ACTIVE~,ORATECHDATAHUB
CMNALERT_PK,NORMAL,CMN_ALERTS,TABLE,ORATECH_DATA,ALERT_ID,ORATECHDATAHUB
CAL_PK,NORMAL,CMN_AUDIT_LOGINS,TABLE,ORATECH_DATA,ID,ORATECHDATAHUB
CB_BANKS_NAME_UK1_UK,NORMAL,CMN_BANKS,TABLE,ORATECH_DATA,BANK_NAME,ORATECHDATAHUB
CB_PK,NORMAL,CMN_BANKS,TABLE,ORATECH_DATA,BANK_ID,ORATECHDATAHUB
CBA_BANK_BRANCH_UK1_UK,NORMAL,CMN_BANK_ACCOUNTS,TABLE,ORATECH_DATA,BRANCH_CODE~BRANCH_ACCTNUMBER~,ORATECHDATAHUB
CBA_BANK_BRANCH_UK2_UK,NORMAL,CMN_BANK_ACCOUNTS,TABLE,ORATECH_DATA,BRANCH_DESC,ORATECHDATAHUB
CBA_PK,NORMAL,CMN_BANK_ACCOUNTS,TABLE,ORATECH_DATA,BANK_ACCOUNT_ID,ORATECHDATAHUB
CBC_CHEQUE_UK1_UK,NORMAL,CMN_BANK_CHEQUES,TABLE,ORATECH_DATA,CBA_BANK_ACCOUNT_ID~CHEQUE_NO_FROM~,ORATECHDATAHUB
CBC_PK,NORMAL,CMN_BANK_CHEQUES,TABLE,ORATECH_DATA,BANK_ID~CBA_BANK_ACCOUNT_ID~,ORATECHDATAHUB
CBS_PK,NORMAL,CMN_BANK_STATEMENTS,TABLE,ORATECH_DATA,CBS_ID,ORATECHDATAHUB
CBS1_PK,NORMAL,CMN_BUSINESS_SECTORS,TABLE,ORATECH_DATA,CBS1_ID,ORATECHDATAHUB
CBU_PK,NORMAL,CMN_BUSINESS_UNITS,TABLE,ORATECH_DATA,BU_ID,ORATECHDATAHUB
CMNCALENDAR_NDX1,NORMAL,CMN_CALENDAR,TABLE,ORATECH_INDX,YEAR~CC_DATE~,ORATECHDATAHUB
CMNCALENDAR_NDX2,NORMAL,CMN_CALENDAR,TABLE,ORATECH_INDX,CC_DATE,ORATECHDATAHUB
CMNCALENDAR_PK,NORMAL,CMN_CALENDAR,TABLE,ORATECH_DATA,CC_ID,ORATECHDATAHUB
CMNCARDS_PK,NORMAL,CMN_CARDS,TABLE,ORATECH_DATA,CARD_ID,ORATECHDATAHUB
CMNCARDS_UK1,NORMAL,CMN_CARDS,TABLE,ORATECH_DATA,CARD_NUMBER,ORATECHDATAHUB
CARDOPTIONS_PK,NORMAL,CMN_CARD_OPTIONS,TABLE,ORATECH_DATA,CARD_OPTIONS_ID,ORATECHDATAHUB
CARDOPTIONS_UK1,NORMAL,CMN_CARD_OPTIONS,TABLE,ORATECH_DATA,CARD_PREFIX_CODE,ORATECHDATAHUB
CARDOPTIONS_UK2,NORMAL,CMN_CARD_OPTIONS,TABLE,ORATECH_DATA,CARD_CATEGORY_CODE,ORATECHDATAHUB
CLOCKINOUT_PK,NORMAL,CMN_CLOCKINOUT,TABLE,ORATECH_DATA,CLOCKINOUT_ID,ORATECHDATAHUB
COMMODITYCODE_PK,NORMAL,CMN_COMMODITY_CODES,TABLE,ORATECH_DATA,CCC_ID,ORATECHDATAHUB
COMMODITYCODE_UK1,NORMAL,CMN_COMMODITY_CODES,TABLE,ORATECH_DATA,COMMODITY_CODE,ORATECHDATAHUB
COMMODITYRATE_PK,NORMAL,CMN_COMMODITY_RATES,TABLE,ORATECH_DATA,CCR_ID,ORATECHDATAHUB
CMNCOMM_NDX1,NORMAL,CMN_COMMUNICATIONS,TABLE,USERS,SOURCE~SOURCE_ID~NAME,ORATECHDATAHUB
CMNCOMM_PK,NORMAL,CMN_COMMUNICATIONS,TABLE,ORATECH_DATA,COMMUNICATION_ID,ORATECHDATAHUB
CC_PK,NORMAL,CMN_COMPANIES,TABLE,ORATECH_DATA,COMP_ID,ORATECHDATAHUB
CMNCONTACTS_NDX1,NORMAL,CMN_CONTACTS,TABLE,ORATECH_INDX,CONTACT_SOURCE~CONTACT_SOURCE_ID~CONTACT_GROUP_CODE,ORATECHDATAHUB
CMNCONTACT_PK,NORMAL,CMN_CONTACTS,TABLE,ORATECH_DATA,CONTACT_ID,ORATECHDATAHUB
CMNPERMISSIONS_NDX1,NORMAL,CMN_CONTACT_PERMISSIONS,TABLE,ORATECH_INDX,PERMISSION_SOURCE~PERMISSION_SOURCE_ID~,ORATECHDATAHUB
CMNPERMISSION_PK,NORMAL,CMN_CONTACT_PERMISSIONS,TABLE,ORATECH_DATA,PERMISSION_ID,ORATECHDATAHUB
CMC_PK,NORMAL,CMN_CONTAINERS,TABLE,ORATECH_DATA,PC_ID,ORATECHDATAHUB
CM_DUPLICATE_CONTAINER_NAME_UK,NORMAL,CMN_CONTAINERS,TABLE,ORATECH_DATA,PC_NAME,ORATECHDATAHUB
PCCONT_DEF_UK,NORMAL,CMN_CONTAINERS,TABLE,ORATECH_DATA,PC_DEFAULT_TYPE,ORATECHDATAHUB
CCO_CCO_UK1_UK,NORMAL,CMN_COUNTRIES,TABLE,ORATECH_DATA,COUNTRY_NAME,ORATECHDATAHUB
CCO_PK,NORMAL,CMN_COUNTRIES,TABLE,ORATECH_DATA,COUNTRY_CODE,ORATECHDATAHUB
CC1_PK,NORMAL,CMN_CURRENCIES,TABLE,ORATECH_DATA,CURRENCY_CODE~CUR_COUNTRY~,ORATECHDATAHUB
CCR_PK,NORMAL,CMN_CURRENCY_RATES,TABLE,ORATECH_DATA,FROM_CURRENCY_CODE~CURRENCY_RATE_DATE~TO_CURRENCY_CODE,ORATECHDATAHUB
CF_CFN_UK2_UK,NORMAL,CMN_FUNCTIONS,TABLE,ORATECH_DATA,FUNC_DISP_NAME,ORATECHDATAHUB
CF_CFN_UK_UK,NORMAL,CMN_FUNCTIONS,TABLE,ORATECH_DATA,FUNC_SHORT_NAME,ORATECHDATAHUB
CF_PK,NORMAL,CMN_FUNCTIONS,TABLE,ORATECH_DATA,FUNCTION_ID,ORATECHDATAHUB
CMNGRANT_PRIV_PK,NORMAL,CMN_GRANTED_PRIVS,TABLE,ORATECH_DATA,GRANTED_PRIV_ID,ORATECHDATAHUB
CMNIMPBATCH_PK,NORMAL,CMN_IMPORT_BATCH,TABLE,ORATECH_DATA,BATCH_ID,ORATECHDATAHUB
CMNIMPBATCH_UK1,NORMAL,CMN_IMPORT_BATCH,TABLE,ORATECH_DATA,BATCH_NAME,ORATECHDATAHUB
CMN_LANG_PK,NORMAL,CMN_LANGUAGES,TABLE,ORATECH_DATA,LANGUAGE_CODE,ORATECHDATAHUB
CMNLANGTEXTS_PK,NORMAL,CMN_LANGUAGE_TEXTS,TABLE,ORATECH_DATA,LANGUAGE_CODE~SOURCE_OBJECT~SOURCE_OBJECT_IDENTIFIER~SOURCE_OBJECT_ID~,ORATECHDATAHUB
CLU_PK,NORMAL,CMN_LOGGEDIN_USERS,TABLE,ORATECH_DATA,CU_USER_ID,ORATECHDATAHUB
CLC_PK,NORMAL,CMN_LOOKUP_CODES,TABLE,ORATECH_DATA,CLT_LOOKUP_TYPE~LOOKUP_CODE~,ORATECHDATAHUB
CMNLKUPLINK_PK,NORMAL,CMN_LOOKUP_LINKS,TABLE,ORATECH_DATA,CLL_ID,ORATECHDATAHUB
CMNLKUPLINK_UK,NORMAL,CMN_LOOKUP_LINKS,TABLE,ORATECH_DATA,LOOKUP_TYPE~LOOKUP_CODE~SL_NO,ORATECHDATAHUB
CLT_PK,NORMAL,CMN_LOOKUP_TYPES,TABLE,ORATECH_DATA,LOOKUP_TYPE,ORATECHDATAHUB
CMNMAILMERGEH_PK,NORMAL,CMN_MAILMERGE_HEADERS,TABLE,ORATECH_DATA,MERGE_HEADER_ID,ORATECHDATAHUB
CMNMAILMERGEL_PK,NORMAL,CMN_MAILMERGE_LINES,TABLE,ORATECH_DATA,MERGE_LINE_ID,ORATECHDATAHUB
CMNMENU_UK3,NORMAL,CMN_MENUS,TABLE,ORATECH_DATA,PARENT_MENU_ID~MENU_NAME~,ORATECHDATAHUB
CM_PK,NORMAL,CMN_MENUS,TABLE,ORATECH_DATA,MENU_ID,ORATECHDATAHUB
CMR_PK,NORMAL,CMN_MENU_RESPONSIBILITIES,TABLE,ORATECH_DATA,MENU_RESP_ID,ORATECHDATAHUB
CML_CMN_MODULE_UK_UK,NORMAL,CMN_MODULES,TABLE,ORATECH_DATA,MODULE_NAME,ORATECHDATAHUB
CML_PK,NORMAL,CMN_MODULES,TABLE,ORATECH_DATA,MODULE_ID,ORATECHDATAHUB
CNAV_PK,NORMAL,CMN_NAVIGATIONS,TABLE,ORATECH_DATA,NAVIGATION_ID,ORATECHDATAHUB
CMNOBJBATCH_PK,NORMAL,CMN_OBJECT_BATCHES,TABLE,ORATECH_DATA,BATCH_ID,ORATECHDATAHUB
CMNOBJBATCH_UK1,NORMAL,CMN_OBJECT_BATCHES,TABLE,ORATECH_DATA,SOURCE_OBJECT_NAME~NAME~,ORATECHDATAHUB
CMNOBJBATCHLINE_PK,NORMAL,CMN_OBJECT_BATCH_LINES,TABLE,ORATECH_DATA,BATCH_LINE_ID,ORATECHDATAHUB
CMNOBJBATCHLINE_UK2,NORMAL,CMN_OBJECT_BATCH_LINES,TABLE,ORATECH_DATA,SOURCE_OBJECT_NAME~SOURCE_OBJECT_ID1~SOURCE_OBJECT_ID2,ORATECHDATAHUB
CMNOBJSTATUSES_PK,NORMAL,CMN_OBJECT_STATUSES,TABLE,ORATECH_DATA,STATUS_ID,ORATECHDATAHUB
CMNOBJSTATUSES_UK2,NORMAL,CMN_OBJECT_STATUSES,TABLE,ORATECH_DATA,SOURCE_OBJECT_NAME~SOURCE_OBJECT_ID1~SOURCE_OBJECT_ID2,ORATECHDATAHUB
CMNOBJ_OBJID_NDX,NORMAL,CMN_OBJECT_STATUSES,TABLE,ORATECH_INDX,SOURCE_OBJECT_NAME~SOURCE_OBJECT_ID1~,ORATECHDATAHUB
CMP_CMN_REPPARAM_UK_UK,NORMAL,CMN_PARAMETERS,TABLE,ORATECH_DATA,NAME,ORATECHDATAHUB
CMP_PK,NORMAL,CMN_PARAMETERS,TABLE,ORATECH_DATA,PARAMETER_ID,ORATECHDATAHUB
CMNPAYMENTS_NDX1,NORMAL,CMN_PAYMENTS,TABLE,ORATECH_INDX,SOURCE_OBJECT~SOURCE_OBJECT_ID~,ORATECHDATAHUB
CMNPAYMENTS_PK,NORMAL,CMN_PAYMENTS,TABLE,ORATECH_DATA,CMN_PAYMENT_ID,ORATECHDATAHUB
CPB_CPB_UK1_UK,NORMAL,CMN_PAYMENTTERM_BREAKUPS,TABLE,ORATECH_DATA,CPB_NAME,ORATECHDATAHUB
CPB_PK,NORMAL,CMN_PAYMENTTERM_BREAKUPS,TABLE,ORATECH_DATA,CPB_ID,ORATECHDATAHUB
CMNPMNTMETHOD_UK3,NORMAL,CMN_PAYMENT_METHODS,TABLE,ORATECH_DATA,PMNT_CODE,ORATECHDATAHUB
CPM_PK,NORMAL,CMN_PAYMENT_METHODS,TABLE,ORATECH_DATA,PMNT_METHOD_ID,ORATECHDATAHUB
CPT_PK,NORMAL,CMN_PAYMENT_TERMS,TABLE,ORATECH_DATA,CPT_ID,ORATECHDATAHUB
CMNPAYMENTTRANS_NDX1,NORMAL,CMN_PAYMENT_TRANS,TABLE,ORATECH_INDX,SOURCE_OBJECT~SOURCE_OBJECT_ID~,ORATECHDATAHUB
CMNPAYMENTTRANS_PK,NORMAL,CMN_PAYMENT_TRANS,TABLE,ORATECH_DATA,PAYMENT_TRANS_ID,ORATECHDATAHUB
CMNPERIODBD_PK,NORMAL,CMN_PERIOD_BREAKDOWNS,TABLE,ORATECH_DATA,PERIOD_BREAKDOWN_ID,ORATECHDATAHUB
CMNPERIODBD_UK1,NORMAL,CMN_PERIOD_BREAKDOWNS,TABLE,ORATECH_DATA,PERIOD_HEADER_ID~PERIOD_LINE_ID~SUB_LEDGER_CODE~PERIOD_BREAKDOWN_CATEGORY~,ORATECHDATAHUB
CMNPRDH_PK,NORMAL,CMN_PERIOD_HEADERS,TABLE,ORATECH_DATA,PERIOD_HEADER_ID,ORATECHDATAHUB
CMNPRDH_UK1,NORMAL,CMN_PERIOD_HEADERS,TABLE,ORATECH_DATA,PERIOD_HEADER_NAME,ORATECHDATAHUB
CMNPERIODL_PK,NORMAL,CMN_PERIOD_LINES,TABLE,ORATECH_DATA,PERIOD_LINE_ID,ORATECHDATAHUB
CMNPERIODL_UK1,NORMAL,CMN_PERIOD_LINES,TABLE,ORATECH_DATA,PERIOD_NAME,ORATECHDATAHUB
CMNPERIODL_UK2,NORMAL,CMN_PERIOD_LINES,TABLE,ORATECH_DATA,PERIOD_YEAR~PERIOD_MONTH~SL_NO,ORATECHDATAHUB
CP1_PK,NORMAL,CMN_PRICEROUNDINGS,TABLE,ORATECH_DATA,PRICE_ROUNDING_ID,ORATECHDATAHUB
CP_CP_UK1_UK,NORMAL,CMN_PRINTERS,TABLE,ORATECH_DATA,PRINTER_NAME,ORATECHDATAHUB
CP_PK,NORMAL,CMN_PRINTERS,TABLE,ORATECH_DATA,PRINTER_ID,ORATECHDATAHUB
CMNPRINTMATRIX_PK,NORMAL,CMN_PRINTER_MATRIX,TABLE,ORATECH_DATA,PRINT_MATRIX_ID,ORATECHDATAHUB
CMNPRIVL_ID_PK,NORMAL,CMN_PRIVILEGES,TABLE,ORATECH_DATA,PRIVILEGE_ID,ORATECHDATAHUB
CMNPRIVL_NAME_UK1,NORMAL,CMN_PRIVILEGES,TABLE,ORATECH_DATA,NAME,ORATECHDATAHUB
CMN_PROFPK,NORMAL,CMN_PROFILES,TABLE,ORATECH_DATA,PROFILE_ID,ORATECHDATAHUB
CMN_PROF_UK1,NORMAL,CMN_PROFILES,TABLE,ORATECH_DATA,NAME,ORATECHDATAHUB
CMNPROFVAL_PK,NORMAL,CMN_PROFILE_VALUES,TABLE,ORATECH_DATA,PROFILE_VALUE_ID,ORATECHDATAHUB
CMNPROP_PK,NORMAL,CMN_PROPERTIES,TABLE,ORATECH_DATA,PROPERTY_ID,ORATECHDATAHUB
CMNPROP_UK1,NORMAL,CMN_PROPERTIES,TABLE,ORATECH_DATA,OBJECT_ID~PROPERTY_NAME~,ORATECHDATAHUB
CPO_PK,NORMAL,CMN_PROPERTY_OBJECTS,TABLE,ORATECH_DATA,OBJECT_ID,ORATECHDATAHUB
CPO_UK1,NORMAL,CMN_PROPERTY_OBJECTS,TABLE,ORATECH_DATA,OBJECT_NAME~OBJECT_VALUE~,ORATECHDATAHUB
CMNPROPVAL_PK,NORMAL,CMN_PROPERTY_VALUES,TABLE,ORATECH_DATA,PROPERTY_VALUE_ID,ORATECHDATAHUB
CMNPROPVAL_UK1,NORMAL,CMN_PROPERTY_VALUES,TABLE,ORATECH_DATA,OBJECT_ID~PROPERTY_ID~OBJECT_REF1~OBJECT_REF2~OBJECT_REF3,ORATECHDATAHUB
CREA_CMN_REASON_UK_UK,NORMAL,CMN_REASONS,TABLE,ORATECH_DATA,REASON_NAME,ORATECHDATAHUB
CREA_PK,NORMAL,CMN_REASONS,TABLE,ORATECH_DATA,REASON_CODE_ID,ORATECHDATAHUB
CMNREPGRPH_PK,NORMAL,CMN_REPORTGROUP_HEADERS,TABLE,ORATECH_DATA,REPORT_GROUP_ID,ORATECHDATAHUB
CMNREPGRPH_UK1,NORMAL,CMN_REPORTGROUP_HEADERS,TABLE,ORATECH_DATA,NAME,ORATECHDATAHUB
CMNREPGRPL_PK,NORMAL,CMN_REPORTGROUP_LINES,TABLE,ORATECH_DATA,REPORT_GROUP_LINE_ID,ORATECHDATAHUB
CMNREPGRPL_UK1,NORMAL,CMN_REPORTGROUP_LINES,TABLE,ORATECH_DATA,REPORT_ID~SL_NO~,ORATECHDATAHUB
CMNREPOUSN_PK,NORMAL,CMN_REPORTOUTPUTS_SNAP,TABLE,ORATECH_DATA,SNAPSHOT_ID,ORATECHDATAHUB
CMRR_CMN_REP_UK1_UK,NORMAL,CMN_REPORTS,TABLE,ORATECH_DATA,DISPLAY_NAME,ORATECHDATAHUB
CMRR_PK,NORMAL,CMN_REPORTS,TABLE,ORATECH_DATA,REPORT_ID,ORATECHDATAHUB
CMNREPCOL_PK,NORMAL,CMN_REPORT_COLUMNS,TABLE,ORATECH_DATA,REPORT_COLUMN_ID,ORATECHDATAHUB
CMNREPCOL_UK1,NORMAL,CMN_REPORT_COLUMNS,TABLE,ORATECH_DATA,REPORT_IDENTIFIER,ORATECHDATAHUB
CRC_PK,NORMAL,CMN_REPORT_CONFIG,TABLE,ORATECH_DATA,CRC_ID,ORATECHDATAHUB
CRP_PK,NORMAL,CMN_REPORT_PARAMETERS,TABLE,ORATECH_DATA,CRP_ID,ORATECHDATAHUB
CMNRSET_PK,NORMAL,CMN_REPORT_SET,TABLE,ORATECH_DATA,SET_ID,ORATECHDATAHUB
CMNRSET_UK1,NORMAL,CMN_REPORT_SET,TABLE,ORATECH_DATA,PARENT_REPORT_ID~REPORT_ID~,ORATECHDATAHUB
CR_CMNRESP_UK_UK,NORMAL,CMN_RESPONSIBILITIES,TABLE,ORATECH_DATA,RESP_NAME,ORATECHDATAHUB
CR_PK,NORMAL,CMN_RESPONSIBILITIES,TABLE,ORATECH_DATA,RESP_ID,ORATECHDATAHUB
SEA_PK,NORMAL,CMN_SEASONS,TABLE,ORATECH_DATA,SEASON_CODE_ID,ORATECHDATAHUB
SEA_SEA_UK_UK,NORMAL,CMN_SEASONS,TABLE,ORATECH_DATA,SEASON_CODE,ORATECHDATAHUB
CS_PK,NORMAL,CMN_SEQUENCES,TABLE,ORATECH_DATA,CS_ID,ORATECHDATAHUB
CS_SEQNAMEBUID_UK1,NORMAL,CMN_SEQUENCES,TABLE,ORATECH_DATA,BU_ID~SEQ_NAME~,ORATECHDATAHUB
CMN_SHIFTS_NDX1,NORMAL,CMN_SHIFTS,TABLE,ORATECH_INDX,SHIFT_TIME_FROM~SHIFT_TIME_TO~,ORATECHDATAHUB
CMN_SHIFTS_NDX2,NORMAL,CMN_SHIFTS,TABLE,ORATECH_INDX,SHIFT_NAME,ORATECHDATAHUB
CMN_SHIFTS_PK,NORMAL,CMN_SHIFTS,TABLE,ORATECH_DATA,SHIFT_ID,ORATECHDATAHUB
CMNSTPATTRIBUTES_PK,NORMAL,CMN_STP_ATTRIBUTES,TABLE,ORATECH_DATA,ATTRIBUTE_ID,ORATECHDATAHUB
CMNSTPATTRIBUTES_UK1,NORMAL,CMN_STP_ATTRIBUTES,TABLE,ORATECH_DATA,STP_ID~ATTRIBUTE_CODE~ATTRIBUTE_VALUE,ORATECHDATAHUB
CMNSTPLEVELS_PK,NORMAL,CMN_STP_LEVELS,TABLE,ORATECH_DATA,LEVEL_ID,ORATECHDATAHUB
CMNSTPLEVELS_UK1,NORMAL,CMN_STP_LEVELS,TABLE,ORATECH_DATA,STP_ID~LEVEL_NUMBER~LEVEL_TYPE~LEVEL_CODE~,ORATECHDATAHUB
CMNSTYLEPATTERNS_PK,NORMAL,CMN_STYLE_PATTERNS,TABLE,ORATECH_DATA,STP_ID,ORATECHDATAHUB
CMNSTYLEPATTERNS_UK1,NORMAL,CMN_STYLE_PATTERNS,TABLE,ORATECH_DATA,STP_CODE,ORATECHDATAHUB
CSO_PK,NORMAL,CMN_SYS_OPTIONS,TABLE,ORATECH_DATA,SYS_OPTIONS_ID,ORATECHDATAHUB
CTB_CTB_UK_UK,NORMAL,CMN_TAX_BREAKUPS,TABLE,ORATECH_DATA,CTB_NAME,ORATECHDATAHUB
CTB_PK,NORMAL,CMN_TAX_BREAKUPS,TABLE,ORATECH_DATA,CTB_ID,ORATECHDATAHUB
CTC_PK,NORMAL,CMN_TAX_CODES,TABLE,ORATECH_DATA,TAX_CODE_ID,ORATECHDATAHUB
CTC_TAX_UK,NORMAL,CMN_TAX_CODES,TABLE,ORATECH_DATA,TAX_CODE,ORATECHDATAHUB
CMNTERMINAL_NAME_UK1,NORMAL,CMN_TERMINALS,TABLE,ORATECH_DATA,NAME,ORATECHDATAHUB
CMNTERM_ID_PK,NORMAL,CMN_TERMINALS,TABLE,ORATECH_DATA,TERMINAL_ID,ORATECHDATAHUB
CMNTERMINALPROP_NAME_UK1,NORMAL,CMN_TERMINAL_PROPERTIES,TABLE,ORATECH_DATA,TERMINAL_ID~NAME~,ORATECHDATAHUB
CMNTERMPROP_ID_PK,NORMAL,CMN_TERMINAL_PROPERTIES,TABLE,ORATECH_DATA,TERMINAL_PROPERTY_ID,ORATECHDATAHUB
TERMS_PK,NORMAL,CMN_TERMS,TABLE,ORATECH_DATA,TC_CODE_ID,ORATECHDATAHUB
CUOM_PK,NORMAL,CMN_UNIT_OF_MEASUREMENTS,TABLE,ORATECH_DATA,UOM_ID,ORATECHDATAHUB
CU_PK,NORMAL,CMN_USERS,TABLE,ORATECH_DATA,USER_ID,ORATECHDATAHUB
USEREXL_PK,NORMAL,CMN_USER_EXCLUSIONS,TABLE,ORATECH_DATA,EXCLUSION_ID,ORATECHDATAHUB
USEREXL_UK1,NORMAL,CMN_USER_EXCLUSIONS,TABLE,ORATECH_DATA,USER_ID~REPORT_ID~,ORATECHDATAHUB
USEREXL_UK2,NORMAL,CMN_USER_EXCLUSIONS,TABLE,ORATECH_DATA,USER_ID~FUNCTION_ID~,ORATECHDATAHUB
CMNUSERREPGRP_PK,NORMAL,CMN_USER_REPORTGROUPS,TABLE,ORATECH_DATA,USER_REPORTGROUP_ID,ORATECHDATAHUB
CUR_PK,NORMAL,CMN_USER_RESPONSIBILITIES,TABLE,ORATECH_DATA,USER_RESP_ID,ORATECHDATAHUB
CUTF_PK,NORMAL,CMN_USER_TOP_FUNCTIONS,TABLE,ORATECH_DATA,CUTF_ID,ORATECHDATAHUB
CMN_WDAY_SHIFTS_NDX1,NORMAL,CMN_WDAY_SHIFTS,TABLE,ORATECH_INDX,WORKING_DAY_ID~SHIFT_ID~,ORATECHDATAHUB
CMN_WDAY_SHIFTS_PK,NORMAL,CMN_WDAY_SHIFTS,TABLE,ORATECH_DATA,WDAY_SHIFT_ID,ORATECHDATAHUB
CMNCOMMUNICATIONS_NDX1,NORMAL,CRM_COMMUNICATIONS,TABLE,ORATECH_INDX,COMMUNICATION_NAME,ORATECHDATAHUB
CMNCOMMUNICATION_PK,NORMAL,CRM_COMMUNICATIONS,TABLE,ORATECH_DATA,COMMUNICATION_ID,ORATECHDATAHUB
CRMPARTY_NDX1,NORMAL,CRM_PARTIES,TABLE,ORATECH_DATA,PARTY_SOURCE~PARTY_SOURCE_ID~,ORATECHDATAHUB
CRMPARTY_PK,NORMAL,CRM_PARTIES,TABLE,ORATECH_DATA,PARTY_ID,ORATECHDATAHUB
CMNTEMPLATES_NDX1,NORMAL,CRM_TEMPLATES,TABLE,ORATECH_INDX,TEMPLATE_NAME,ORATECHDATAHUB
CMNTEMPLATE_PK,NORMAL,CRM_TEMPLATES,TABLE,ORATECH_DATA,TEMPLATE_ID,ORATECHDATAHUB
DSS_PK,NORMAL,DAILY_STOCK_SNAPSHOTS,TABLE,ORATECH_DATA,DATECHAR~ITEM_ID~,ORATECHDATAHUB
DISPHEADER1_PK,NORMAL,DISPATCH_HEADERS,TABLE,ORATECH_DATA,DISPATCH_ID,ORATECHDATAHUB
DJANGO_ADM_CONTENT_TY_C4BCE8EB,NORMAL,DJANGO_ADMIN_LOG,TABLE,ORATECH_DATA,CONTENT_TYPE_ID,ORATECHDATAHUB
DJANGO_ADM_USER_ID_C564EBA6,NORMAL,DJANGO_ADMIN_LOG,TABLE,ORATECH_DATA,USER_ID,ORATECHDATAHUB
SYS_C00142943,NORMAL,DJANGO_ADMIN_LOG,TABLE,ORATECH_DATA,ID,ORATECHDATAHUB
DJANGO_CO_APP_LABEL_76BD3D3B_U,NORMAL,DJANGO_CONTENT_TYPE,TABLE,ORATECH_DATA,APP_LABEL~MODEL~,ORATECHDATAHUB
SYS_C00142936,NORMAL,DJANGO_CONTENT_TYPE,TABLE,ORATECH_DATA,ID,ORATECHDATAHUB
SYS_C00142934,NORMAL,DJANGO_MIGRATIONS,TABLE,ORATECH_DATA,ID,ORATECHDATAHUB
DJANGO_SES_EXPIRE_DAT_A5C62663,NORMAL,DJANGO_SESSION,TABLE,ORATECH_DATA,EXPIRE_DATE,ORATECHDATAHUB
SYS_C00142963,NORMAL,DJANGO_SESSION,TABLE,ORATECH_DATA,SESSION_KEY,ORATECHDATAHUB
EMPDEP_PK,NORMAL,EMP_DEPARTMENTS,TABLE,ORATECH_DATA,DEPARTMENT_ID,ORATECHDATAHUB
EMPDEP_UK1,NORMAL,EMP_DEPARTMENTS,TABLE,ORATECH_DATA,DEPARTMENT_NAME,ORATECHDATAHUB
EMPEMP_PK,NORMAL,EMP_EMPLOYEES,TABLE,ORATECH_DATA,EMPLOYEE_ID,ORATECHDATAHUB
EMPJOB_PK,NORMAL,EMP_JOBS,TABLE,ORATECH_DATA,JOB_ID,ORATECHDATAHUB
EMPJOB_UK1,NORMAL,EMP_JOBS,TABLE,ORATECH_DATA,JOB_NAME,ORATECHDATAHUB
EMPJT_PK,NORMAL,EMP_JOB_TYPES,TABLE,ORATECH_DATA,JOB_TYPE_ID,ORATECHDATAHUB
EMPJT_UK1,NORMAL,EMP_JOB_TYPES,TABLE,ORATECH_DATA,JOB_TYPE,ORATECHDATAHUB
EMPJTD_PK,NORMAL,EMP_JOB_TYPE_DAYS,TABLE,ORATECH_DATA,JOB_TYPE_DAY_ID,ORATECHDATAHUB
EMPPOS_PK,NORMAL,EMP_POSITIONS,TABLE,ORATECH_DATA,POSITION_ID,ORATECHDATAHUB
EMPPOS_UK1,NORMAL,EMP_POSITIONS,TABLE,ORATECH_DATA,POSITION_NAME,ORATECHDATAHUB
EMPWD_PK,NORMAL,EMP_WORKING_DAYS,TABLE,ORATECH_DATA,WORKING_DAY_ID,ORATECHDATAHUB
EMPWD_UK1,NORMAL,EMP_WORKING_DAYS,TABLE,ORATECH_DATA,WORKING_DAY,ORATECHDATAHUB
EXPORTHEAD_NAME_UK1,NORMAL,EXPORT_HEADERS,TABLE,ORATECH_DATA,EXPORT_NAME,ORATECHDATAHUB
EXPORTHEAD_PK,NORMAL,EXPORT_HEADERS,TABLE,ORATECH_DATA,EXPORT_HEADER_ID,ORATECHDATAHUB
EXT_SALITEMNUMBER_NDX,NORMAL,EXT_SALESORDERS,TABLE,ORATECH_INDX,ITEM_NUMBER,ORATECHDATAHUB
EXTTRANSHEAD_PK,NORMAL,EXT_TRANS_HEADERS,TABLE,ORATECH_DATA,HEADER_ID,ORATECHDATAHUB
GAC_GAE_UK_UK,NORMAL,GL_ACCOUNT_CODES,TABLE,ORATECH_DATA,GL_ACCOUNT_CODE,ORATECHDATAHUB
GAC_PK,NORMAL,GL_ACCOUNT_CODES,TABLE,ORATECH_DATA,GL_ACCOUNT_ID,ORATECHDATAHUB
GLAC_UK3,NORMAL,GL_ACCOUNT_CODES,TABLE,ORATECH_DATA,ORIG_SYSTEM_REF1~ORIG_SYSTEM_REF2~,ORATECHDATAHUB
GLAC_UK4,NORMAL,GL_ACCOUNT_CODES,TABLE,ORATECH_DATA,SHORT_NAME,ORATECHDATAHUB
GLCASHINGUPHEADERS_PK,NORMAL,GL_CASHINGUP_HEADERS,TABLE,ORATECH_DATA,CASHINGUP_ID,ORATECHDATAHUB
GLCASHINGUPLINES_PK,NORMAL,GL_CASHINGUP_LINES,TABLE,ORATECH_DATA,CASHINGUP_LINE_ID,ORATECHDATAHUB
GLCASHINGUPLINES_UK,NORMAL,GL_CASHINGUP_LINES,TABLE,ORATECH_DATA,CASHINGUP_ID~TRANSACTION_SOURCE~TRANSACTION_SOURCE_ID~TRANSACTION_PAYMENT_ID~,ORATECHDATAHUB
GC_PK,NORMAL,GL_CATEGORIES,TABLE,ORATECH_DATA,GL_CATEGORY_ID,ORATECHDATAHUB
GL_JEHEAD_NAME_UK1,NORMAL,GL_JE_HEADERS,TABLE,ORATECH_DATA,JE_NAME,ORATECHDATAHUB
GL_JEHEAD_PK,NORMAL,GL_JE_HEADERS,TABLE,ORATECH_DATA,JE_HEADER_ID,ORATECHDATAHUB
GL_JELINESLNO_UK,NORMAL,GL_JE_LINES,TABLE,ORATECH_DATA,JE_HEADER_ID~SL_NO~,ORATECHDATAHUB
GL_JELINE_PK,NORMAL,GL_JE_LINES,TABLE,ORATECH_DATA,JE_LINES_ID,ORATECHDATAHUB
GLPMNTHEADERS_PK,NORMAL,GL_PAYMENT_HEADERS,TABLE,ORATECH_DATA,PAYMENT_ID,ORATECHDATAHUB
GLPMNTLINES_PK,NORMAL,GL_PAYMENT_LINES,TABLE,ORATECH_DATA,PAYMENT_LINE_ID,ORATECHDATAHUB
GSC_PK,NORMAL,GL_SUB_CATEGORIES,TABLE,ORATECH_DATA,GL_SUB_CATEGORY_ID,ORATECHDATAHUB
GLTEMP_PK,NORMAL,GL_TEMPLATES,TABLE,ORATECH_DATA,TEMPLATE_ID,ORATECHDATAHUB
GLTEMP_UK1,NORMAL,GL_TEMPLATES,TABLE,ORATECH_DATA,TEMPLATE_NAME,ORATECHDATAHUB
GLTEMPLINE_PK,NORMAL,GL_TEMPLATE_LINES,TABLE,ORATECH_DATA,TEMPLATE_LINE_ID,ORATECHDATAHUB
GLTEMPTRANS_UK1,NORMAL,GL_TEMPLATE_TRANS,TABLE,ORATECH_DATA,TEMPLATE_ID~TEMPLATE_LINE_ID~REPORT_DATE_FROM~REPORT_DATE_TO~,ORATECHDATAHUB
GLTEMPTH_PK,NORMAL,GL_TEMPLATE_TRANS_HEADERS,TABLE,ORATECH_DATA,TEMPLATE_TRANS_HEADER_ID,ORATECHDATAHUB
GLTRANSSUM_NDX1,NORMAL,GL_TRANS_SUM,TABLE,ORATECH_INDX,TRANS_TYPE~REPORT_DATE~,ORATECHDATAHUB
GLTRANSSUM_NDX2,NORMAL,GL_TRANS_SUM,TABLE,ORATECH_INDX,GL_ACCOUNT_ID,ORATECHDATAHUB
GLTRANSSUM_NDX2_1,NORMAL,GL_TRANS_SUM,TABLE,ORATECH_INDX,GL_ACCOUNT_CODE,ORATECHDATAHUB
GLTRANSSUM_NDX3,NORMAL,GL_TRANS_SUM,TABLE,ORATECH_INDX,TRANS_TYPE~TRANS_ID~,ORATECHDATAHUB
GRNORDPADHEAD_PK,NORMAL,GRN_ORDERPAD_HEADERS,TABLE,ORATECH_DATA,GRN_ID,ORATECHDATAHUB
GRNORDERPADLINE_PK,NORMAL,GRN_ORDERPAD_LINES,TABLE,ORATECH_DATA,ORDERPAD_LINE_ID,ORATECHDATAHUB
HRASSIGN_SOURCEREF_NDX,NORMAL,HR_USER_ASSIGNMENTS,TABLE,ORATECH_INDX,SOURCE_OBJECT_REF~SOURCE_REF_ID1~USER_ID,ORATECHDATAHUB
HRUSERASS1_PK,NORMAL,HR_USER_ASSIGNMENTS,TABLE,ORATECH_DATA,ASSIGNMENT_ID,ORATECHDATAHUB
IMPEXPHEAD_NAME_UK1,NORMAL,IMPEXP_HEADERS,TABLE,ORATECH_DATA,IMPEXP_NAME,ORATECHDATAHUB
IMPEXPHEAD_PK,NORMAL,IMPEXP_HEADERS,TABLE,ORATECH_DATA,IMPEXP_HEADER_ID,ORATECHDATAHUB
IMPEXPLINESLNO_UK,NORMAL,IMPEXP_LINES,TABLE,ORATECH_DATA,IMPEXP_HEADER_ID~SL_NO~,ORATECHDATAHUB
IMPEXPLINE_PK,NORMAL,IMPEXP_LINES,TABLE,ORATECH_DATA,IMPEXP_LINE_ID,ORATECHDATAHUB
INTFITEMS_INDX1,NORMAL,INTF_ITEMS,TABLE,ORATECH_INDX,ITEM_ID~INTF_STATUS~,ORATECHDATAHUB
INVBARREP_PK,NORMAL,INV_BARCODE_REPOSITORY,TABLE,ORATECH_DATA,REPOSITORY_ID,ORATECHDATAHUB
INVBARREP_UK2,NORMAL,INV_BARCODE_REPOSITORY,TABLE,ORATECH_DATA,BARCODE,ORATECHDATAHUB
BOM_LEVEL0ITEMID,NORMAL,INV_BOM,TABLE,ORATECH_INDX,LEVEL0_ITEM_ID,ORATECHDATAHUB
BOM_PARENTITEMID,NORMAL,INV_BOM,TABLE,ORATECH_INDX,PARENT_ITEM_ID,ORATECHDATAHUB
INVBOM_PK,NORMAL,INV_BOM,TABLE,ORATECH_DATA,BOM_ID,ORATECHDATAHUB
INVBOM_UK1,NORMAL,INV_BOM,TABLE,ORATECH_DATA,PARENT_ITEM_ID~BOM_LEVEL~ITEM_ID,ORATECHDATAHUB
INVBOMTRANS_OHID_NDX1,NORMAL,INV_BOM_TRANS,TABLE,ORATECH_INDX,TRANSACTION_SOURCE~ORDER_HEADER_ID~ORDER_LINE_ID~ITEM_ID~,ORATECHDATAHUB
INVBOM_TRANS_PK,NORMAL,INV_BOM_TRANS,TABLE,ORATECH_DATA,BOM_TRANS_ID,ORATECHDATAHUB
INVBOM_TRANS_UK1,NORMAL,INV_BOM_TRANS,TABLE,ORATECH_DATA,TRANSACTION_SOURCE~TRANSACTION_HEADER_ID~TRANSACTION_LINE_ID~ITEM_ID~,ORATECHDATAHUB
INVCONTAINRELOG_PK,NORMAL,INV_CONTAINER_LOG,TABLE,ORATECH_DATA,CONTAINER_LOG_ID,ORATECHDATAHUB
INVCONTAINRELOG_UK,NORMAL,INV_CONTAINER_LOG,TABLE,ORATECH_DATA,CONTAINER_NUMBER,ORATECHDATAHUB
INVCOUNINT_NDX1,NORMAL,INV_ITEMCOUNT_INTERFACE,TABLE,ORATECH_INDX,LOCATION_ID~SUB_LOCATION_ID~ITEM_ID,ORATECHDATAHUB
INVCOUNINT_NDX2,NORMAL,INV_ITEMCOUNT_INTERFACE,TABLE,ORATECH_INDX,LOCATION_NAME~SUB_LOCATION~ITEM_NUMBER,ORATECHDATAHUB
INVCOUNINT_NDX3,NORMAL,INV_ITEMCOUNT_INTERFACE,TABLE,ORATECH_INDX,BATCH_NAME,ORATECHDATAHUB
INVCOUNINT_NDX4,NORMAL,INV_ITEMCOUNT_INTERFACE,TABLE,ORATECH_INDX,UPLOAD_STATUS,ORATECHDATAHUB
ITEMSALESSUM_NDX,NORMAL,INV_ITEMSALPURSUM_SNAP,TABLE,ORATECH_INDX,ITEM_ID,ORATECHDATAHUB
ITEMTRANSNAP_PK,NORMAL,INV_ITEMSALPURSUM_SNAP,TABLE,ORATECH_DATA,SNAPSHOT_ID,ORATECHDATAHUB
IIAH_PK,NORMAL,INV_ITEM_ADJUSTMENT_HEADERS,TABLE,ORATECH_DATA,ADJUST_HEADER_ID,ORATECHDATAHUB
IIAL_PK,NORMAL,INV_ITEM_ADJUSTMENT_LINES,TABLE,ORATECH_DATA,ADJUST_LINE_ID,ORATECHDATAHUB
ITEMADHJUSTL_NDX2,NORMAL,INV_ITEM_ADJUSTMENT_LINES,TABLE,ORATECH_INDX,IIAH_ADJUST_HEADER_ID,ORATECHDATAHUB
IIB_PK,NORMAL,INV_ITEM_BARCODES,TABLE,ORATECH_DATA,BARCODE,ORATECHDATAHUB
INVITBATCH_PK,NORMAL,INV_ITEM_BATCHES,TABLE,ORATECH_DATA,BATCH_ID,ORATECHDATAHUB
INVBATCHLINE_NDX1,NORMAL,INV_ITEM_BATCH_LINES,TABLE,ORATECH_INDX,BATCH_ID~ITEM_ID~,ORATECHDATAHUB
INVITBATCHLINE_PK,NORMAL,INV_ITEM_BATCH_LINES,TABLE,ORATECH_DATA,BATCH_LINE_ID,ORATECHDATAHUB
IIC_IC_UK1_UK,NORMAL,INV_ITEM_CATEGORIES,TABLE,ORATECH_DATA,CATEGORY_NAME,ORATECHDATAHUB
IIC_PK,NORMAL,INV_ITEM_CATEGORIES,TABLE,ORATECH_DATA,CATEGORY_ID,ORATECHDATAHUB
IICH_IICH_BATCH_UK1_UK,NORMAL,INV_ITEM_COUNT_HEADERS,TABLE,ORATECH_DATA,BATCH_NAME,ORATECHDATAHUB
IICH_PK,NORMAL,INV_ITEM_COUNT_HEADERS,TABLE,ORATECH_DATA,ITEM_COUNT_HEADER_ID,ORATECHDATAHUB
ITEMCOUNT_INDX2,NORMAL,INV_ITEM_COUNT_HEADERS,TABLE,ORATECH_INDX,ITEM_COUNT_HEADER_ID~COUNT_STATUS~,ORATECHDATAHUB
IICL_PK,NORMAL,INV_ITEM_COUNT_LINES,TABLE,ORATECH_DATA,ITEM_COUNT_LINE_ID,ORATECHDATAHUB
ITEMCOUNTLINE_INDX2,NORMAL,INV_ITEM_COUNT_LINES,TABLE,ORATECH_INDX,ITEM_COUNT_HEADER_ID,ORATECHDATAHUB
ITMDIM_PK,NORMAL,INV_ITEM_DIMENSIONS,TABLE,ORATECH_DATA,DIMENSION_ID,ORATECHDATAHUB
ITMDIM_UK1,NORMAL,INV_ITEM_DIMENSIONS,TABLE,ORATECH_DATA,ITEM_ID,ORATECHDATAHUB
ITMDIM_UK2,NORMAL,INV_ITEM_DIMENSIONS,TABLE,ORATECH_DATA,DIMENSION_NAME,ORATECHDATAHUB
ITMDIML_PK,NORMAL,INV_ITEM_DIMENSION_LINES,TABLE,ORATECH_DATA,DIMENSION_LINE_ID,ORATECHDATAHUB
ITMDIML_UK1,NORMAL,INV_ITEM_DIMENSION_LINES,TABLE,ORATECH_DATA,DIMENSION_ITEM_ID~ITEM_ID~,ORATECHDATAHUB
INVITEMEXTRAS_PK,NORMAL,INV_ITEM_EXTRAS,TABLE,ORATECH_DATA,ITEMEXTRAS_ID,ORATECHDATAHUB
INVITEMEXTRAS_UK,NORMAL,INV_ITEM_EXTRAS,TABLE,ORATECH_DATA,ITEM_EXTRAS_CATEGORY~ITEM_EXTRAS_MEANING~,ORATECHDATAHUB
INVITEMFREIGHTSU_NDX,NORMAL,INV_ITEM_FREIGHTS,TABLE,ORATECH_INDX,ITEM_ID~SU_ID~COUNTRY_CODE,ORATECHDATAHUB
INV_ITEM_FREIGHTS_PK,NORMAL,INV_ITEM_FREIGHTS,TABLE,ORATECH_DATA,ITEM_FREIGHT_ID,ORATECHDATAHUB
INVITEMLOC_NDX,NORMAL,INV_ITEM_LOCATIONS,TABLE,ORATECH_INDX,ITEM_ID~BU_ID~,ORATECHDATAHUB
INVITEMLOC_NDX1,NORMAL,INV_ITEM_LOCATIONS,TABLE,ORATECH_INDX,ITEM_ID~LOCATION_ID~,ORATECHDATAHUB
LOCITEM_ITEMID,NORMAL,INV_ITEM_LOCATIONS,TABLE,ORATECH_INDX,ITEM_ID,ORATECHDATAHUB
INVITEMSUBCATID,NORMAL,INV_ITEM_MASTERS,TABLE,ORATECH_DATA,ITEM_ID~IIC_CATEGORY_ID~IISC_SUB_CATEGORY_ID,ORATECHDATAHUB
INVPUBLISHTOWWEB_NDX2,NORMAL,INV_ITEM_MASTERS,TABLE,ORATECH_INDX,PUBLISH_TO_WEB,ORATECHDATAHUB
INV_ITEMNAME_NDX1,NORMAL,INV_ITEM_MASTERS,TABLE,ORATECH_INDX,ITEM_NAME,ORATECHDATAHUB
ITEM_NUMBER_UK1,NORMAL,INV_ITEM_MASTERS,TABLE,ORATECH_DATA,ITEM_NUMBER,ORATECHDATAHUB
ITEM_STOCKABLE,NORMAL,INV_ITEM_MASTERS,TABLE,ORATECH_INDX,ITEM_ID~STOCKABLE~,ORATECHDATAHUB
ITEM_VALUABLE,NORMAL,INV_ITEM_MASTERS,TABLE,ORATECH_INDX,ITEM_ID~VALUABLE~,ORATECHDATAHUB
IIMH_PK,NORMAL,INV_ITEM_MOVEMENT_HEADERS,TABLE,ORATECH_DATA,ITEM_MOVEMENT_HEADER_ID,ORATECHDATAHUB
ITEMMOVEMENTH_INDX2,NORMAL,INV_ITEM_MOVEMENT_HEADERS,TABLE,ORATECH_INDX,ITEM_MOVEMENT_HEADER_ID~MOVEMENT_TYPE~HEADER_MOVEMENT_STATUS,ORATECHDATAHUB
IIML_PK,NORMAL,INV_ITEM_MOVEMENT_LINES,TABLE,ORATECH_DATA,ITEM_MOVEMENT_LINE_ID,ORATECHDATAHUB
INV_MOVEMENTLINE_NDX5,NORMAL,INV_ITEM_MOVEMENT_LINES,TABLE,ORATECH_INDX,SOURCE_OBJECT~ORIG_SYS_REF_HEADER~ORIG_SYS_REF_LINE,ORATECHDATAHUB
ITEMMOVEMENTL_INDX2,NORMAL,INV_ITEM_MOVEMENT_LINES,TABLE,ORATECH_INDX,IIMH_ITEM_MOVEMENT_HEADER_ID,ORATECHDATAHUB
INVMCATL_PK,NORMAL,INV_ITEM_MULTI_CATEGORIES,TABLE,ORATECH_DATA,MULTI_CATEGORY_ID,ORATECHDATAHUB
INVMSEASON_PK,NORMAL,INV_ITEM_MULTI_SEASONS,TABLE,ORATECH_DATA,MULTI_SEASON_ID,ORATECHDATAHUB
INVMSEASON_UK1,NORMAL,INV_ITEM_MULTI_SEASONS,TABLE,ORATECH_DATA,ITEM_ID~SEASON_CODE_ID~,ORATECHDATAHUB
IIOH_PK,NORMAL,INV_ITEM_OFFER_HEADERS,TABLE,ORATECH_DATA,OFFER_HEADER_ID,ORATECHDATAHUB
OFFERHGROUPCODE_UK,NORMAL,INV_ITEM_OFFER_HEADERS,TABLE,ORATECH_DATA,GROUP_CODE,ORATECHDATAHUB
OFFERHPROM_UK,NORMAL,INV_ITEM_OFFER_HEADERS,TABLE,ORATECH_DATA,PROMOTION_CODE,ORATECHDATAHUB
IIOL_PK,NORMAL,INV_ITEM_OFFER_LINES,TABLE,ORATECH_DATA,OFFER_LINE_ID,ORATECHDATAHUB
OFFERLGROUPCODE_UK,NORMAL,INV_ITEM_OFFER_LINES,TABLE,ORATECH_DATA,GROUP_CODE,ORATECHDATAHUB
INVITPICKLIST_PK,NORMAL,INV_ITEM_PICKLIST,TABLE,ORATECH_DATA,PICKLIST_ID,ORATECHDATAHUB
IIPH_PK,NORMAL,INV_ITEM_PO_HISTORIES,TABLE,ORATECH_DATA,IIPH_ID,ORATECHDATAHUB
IIP_PK,NORMAL,INV_ITEM_PRICEBREAKS,TABLE,ORATECH_DATA,ID,ORATECHDATAHUB
IIP1_PK,NORMAL,INV_ITEM_PRICEHISTORIES,TABLE,ORATECH_DATA,IIP1_ID,ORATECHDATAHUB
IIP2_PRICE_PK_UK,NORMAL,INV_ITEM_PRICES,TABLE,ORATECH_DATA,ITEM_PRICE_ID,ORATECHDATAHUB
SU_PRICES_ITEM_NDX,NORMAL,INV_ITEM_PRICES,TABLE,ORATECH_INDX,IISU_SU_ID,ORATECHDATAHUB
IISU_ITEM_ID,NORMAL,INV_ITEM_SALES_UNITS,TABLE,ORATECH_INDX,IIM_ITEM_ID,ORATECHDATAHUB
IISU_PK,NORMAL,INV_ITEM_SALES_UNITS,TABLE,ORATECH_DATA,SU_ID,ORATECHDATAHUB
INVSU_CATEGORY_NDX,NORMAL,INV_ITEM_SALES_UNITS,TABLE,ORATECH_INDX,SU_CATEGORY,ORATECHDATAHUB
INVSU_CATEGORY_NDX1,NORMAL,INV_ITEM_SALES_UNITS,TABLE,ORATECH_INDX,SU_CATEGORY~IIM_ITEM_ID~UOM_ID,ORATECHDATAHUB
SUBYUOMITEM_NDX,NORMAL,INV_ITEM_SALES_UNITS,TABLE,ORATECH_INDX,IIM_ITEM_ID~UOM_ID~SALES_UNIT,ORATECHDATAHUB
SU_ITEMUOM_NDX,NORMAL,INV_ITEM_SALES_UNITS,TABLE,ORATECH_INDX,IIM_ITEM_ID~UOM_ID~,ORATECHDATAHUB
IISN_PK,NORMAL,INV_ITEM_SERIAL_NUMBERS,TABLE,ORATECH_DATA,SERIAL_NUMBER_ID,ORATECHDATAHUB
IISN_SERIAL_NUMBER_UK_UK,NORMAL,INV_ITEM_SERIAL_NUMBERS,TABLE,ORATECH_DATA,IIM_ITEM_ID~SERIAL_NUMBER~,ORATECHDATAHUB
IIS_PK,NORMAL,INV_ITEM_STATUSES,TABLE,ORATECH_DATA,ITEM_ID,ORATECHDATAHUB
INVITEMSUBLOCGRP_PK,NORMAL,INV_ITEM_SUBLOC_GROUPS,TABLE,ORATECH_DATA,ISG_ID,ORATECHDATAHUB
INVITEMSUBLOCGRP_UK2,NORMAL,INV_ITEM_SUBLOC_GROUPS,TABLE,ORATECH_DATA,LOCATION_ID~ITEM_ID~SUB_LOC_GROUP_CODE,ORATECHDATAHUB
ISUBSNAP_PK,NORMAL,INV_ITEM_SUBLOC_SNAP,TABLE,ORATECH_DATA,SNAPSHOT_ID,ORATECHDATAHUB
IISC_ISC_UK1_UK,NORMAL,INV_ITEM_SUB_CATEGORIES,TABLE,ORATECH_DATA,IIC_CATEGORY_ID~SUB_CATEGORY_NAME~,ORATECHDATAHUB
IISC_PK,NORMAL,INV_ITEM_SUB_CATEGORIES,TABLE,ORATECH_DATA,SUB_CATEGORY_ID,ORATECHDATAHUB
INVITEMSUBLOC_NDX1,NORMAL,INV_ITEM_SUB_LOCATIONS,TABLE,ORATECH_INDX,LOCATION_ID~SUB_LOCATION_ID~ITEM_ID,ORATECHDATAHUB
SUBLOCITEM_ITEMID,NORMAL,INV_ITEM_SUB_LOCATIONS,TABLE,ORATECH_INDX,ITEM_ID,ORATECHDATAHUB
IIT_PK,NORMAL,INV_ITEM_TEMPS,TABLE,ORATECH_DATA,ID,ORATECHDATAHUB
IL_LN_UK_UK,NORMAL,INV_LOCATIONS,TABLE,ORATECH_DATA,LOCATION_NAME,ORATECHDATAHUB
IL_PK,NORMAL,INV_LOCATIONS,TABLE,ORATECH_DATA,LOCATION_ID,ORATECHDATAHUB
INV_LOCUK4,NORMAL,INV_LOCATIONS,TABLE,ORATECH_DATA,LOCATION_NUMBER,ORATECHDATAHUB
LOCPL_PK,NORMAL,INV_LOCATION_PRICELISTS,TABLE,ORATECH_DATA,LOCATION_PRICELIST_ID,ORATECHDATAHUB
LOCPL_UK1,NORMAL,INV_LOCATION_PRICELISTS,TABLE,ORATECH_DATA,LOCATION_ID~PRICELIST_HEADER_ID~,ORATECHDATAHUB
LOCPL_UK2,NORMAL,INV_LOCATION_PRICELISTS,TABLE,ORATECH_DATA,LOCATION_ID~SL_NO~,ORATECHDATAHUB
IM_PK,NORMAL,INV_MANUFACTURERS,TABLE,ORATECH_DATA,MANF_ID,ORATECHDATAHUB
MANFNUM_UK2,NORMAL,INV_MANUFACTURERS,TABLE,ORATECH_DATA,MANF_NUMBER,ORATECHDATAHUB
MANFNUM_UK3,NORMAL,INV_MANUFACTURERS,TABLE,ORATECH_DATA,MANF_NAME,ORATECHDATAHUB
MKUPTEMPHEADERS_PK,NORMAL,INV_MKUPTEMP_HEADERS,TABLE,ORATECH_DATA,MKUPTEMP_ID,ORATECHDATAHUB
MKUPTEMPHEADERS_UK1,NORMAL,INV_MKUPTEMP_HEADERS,TABLE,ORATECH_DATA,MKUPTEMP_NAME,ORATECHDATAHUB
MKUPTEMPLINES_PK,NORMAL,INV_MKUPTEMP_LINES,TABLE,ORATECH_DATA,MKUPTEMP_LINE_ID,ORATECHDATAHUB
MKUPTEMPLINES_UK1,NORMAL,INV_MKUPTEMP_LINES,TABLE,ORATECH_DATA,MKUPTEMP_ID~PRICE_TYPE_ID~,ORATECHDATAHUB
ISMREVNAP_NDX1,NORMAL,INV_MONHLYREVIEW_VAL_SNAP,TABLE,ORATECH_INDX,LOCATION_ID~SUB_LOCATION_ID~SNAPSHOT_YEAR~SNAPSHOT_MONTH~IDENTIFIER1,ORATECHDATAHUB
ISMREVNAP_PK,NORMAL,INV_MONHLYREVIEW_VAL_SNAP,TABLE,ORATECH_DATA,SNAPSHOT_ID,ORATECHDATAHUB
IO_PK,NORMAL,INV_OPTIONS,TABLE,ORATECH_DATA,INV_OPTIONS_ID,ORATECHDATAHUB
INVPALLET_PK,NORMAL,INV_PALLETS,TABLE,ORATECH_DATA,PALLET_ID,ORATECHDATAHUB
INVPALLET_UK,NORMAL,INV_PALLETS,TABLE,ORATECH_DATA,CONTAINER_LOG_ID~PALLET_NUMBER~,ORATECHDATAHUB
INV_PB_ITEMID_NDX,NORMAL,INV_PRICE_BREAK_HEADERS,TABLE,ORATECH_DATA,ITEM_ID,ORATECHDATAHUB
IPBH_PK,NORMAL,INV_PRICE_BREAK_HEADERS,TABLE,ORATECH_DATA,PRICE_BREAK_ID,ORATECHDATAHUB
IPBH_PRICE_BREAK_UK_UK,NORMAL,INV_PRICE_BREAK_HEADERS,TABLE,ORATECH_DATA,NAME,ORATECHDATAHUB
IPBL_PK,NORMAL,INV_PRICE_BREAK_LINES,TABLE,ORATECH_DATA,PRICE_BREAK_LINE_ID,ORATECHDATAHUB
IPBL_PRICE_BREAK_LINE_UK_UK,NORMAL,INV_PRICE_BREAK_LINES,TABLE,ORATECH_DATA,QTY_FROM~QTY_TO~,ORATECHDATAHUB
IPBL_QTYTOFROM_UK2,NORMAL,INV_PRICE_BREAK_LINES,TABLE,ORATECH_DATA,IPBH_PRICE_BREAK_ID~QTY_FROM~QTY_TO,ORATECHDATAHUB
IPT_PK,NORMAL,INV_PRICE_TYPES,TABLE,ORATECH_DATA,PRICE_TYPE_ID,ORATECHDATAHUB
IPT_PRICE_TYPE_UK_UK,NORMAL,INV_PRICE_TYPES,TABLE,ORATECH_DATA,PRICE_TYPE_NAME,ORATECHDATAHUB
INVQKCODEHEADERS_PK,NORMAL,INV_QUICKCODE_HEADERS,TABLE,ORATECH_DATA,QUICKCODE_ID,ORATECHDATAHUB
INVQKCODEHEADERS_UK1,NORMAL,INV_QUICKCODE_HEADERS,TABLE,ORATECH_DATA,QUICKCODE_NAME,ORATECHDATAHUB
INVQKCODELINES_PK,NORMAL,INV_QUICKCODE_LINES,TABLE,ORATECH_DATA,QUICKCODE_LINE_ID,ORATECHDATAHUB
INVQKCODELINES_UK2,NORMAL,INV_QUICKCODE_LINES,TABLE,ORATECH_DATA,QUICKCODE_ID~ITEM_ID~,ORATECHDATAHUB
INVREQH_NDX3,NORMAL,INV_REQUISITION_HEADERS,TABLE,ORATECH_INDX,REQUISITION_ID~REQUISITION_STATUS~,ORATECHDATAHUB
INVREQUISITIONHEADERS_PK,NORMAL,INV_REQUISITION_HEADERS,TABLE,ORATECH_DATA,REQUISITION_ID,ORATECHDATAHUB
INVREQUISITIONHEADERS_UK1,NORMAL,INV_REQUISITION_HEADERS,TABLE,ORATECH_DATA,REQUISITION_NAME,ORATECHDATAHUB
INVREQUISITIONHEADERS_UK2,NORMAL,INV_REQUISITION_HEADERS,TABLE,ORATECH_DATA,REQUISITION_NUMBER,ORATECHDATAHUB
INVREQL_NDX3,NORMAL,INV_REQUISITION_LINES,TABLE,ORATECH_INDX,REQUISITION_ID,ORATECHDATAHUB
INVREQUISITIONLINES_PK,NORMAL,INV_REQUISITION_LINES,TABLE,ORATECH_DATA,REQUISITION_LINE_ID,ORATECHDATAHUB
INVSLNMTRANS_NDX1,NORMAL,INV_SERIALNUM_TRANSACTIONS,TABLE,USERS,TRANSACTION_SOURCE_ID~ITEM_ID~SERIAL_NUMBER_ID,ORATECHDATAHUB
INVSLNMTRANS_PK,NORMAL,INV_SERIALNUM_TRANSACTIONS,TABLE,ORATECH_DATA,TRANSACTION_ID,ORATECHDATAHUB
INVSIMCATL_PK,NORMAL,INV_SIMILAR_CATEGORIES,TABLE,ORATECH_DATA,SIMILAR_CATEGORY_ID,ORATECHDATAHUB
SIH_PK,NORMAL,INV_SIMILAR_ITEM_HEADERS,TABLE,ORATECH_DATA,SIMILAR_ITEM_ID,ORATECHDATAHUB
SIH_SIMILARHEADER_UK1_UK,NORMAL,INV_SIMILAR_ITEM_HEADERS,TABLE,ORATECH_DATA,SHORT_DESC,ORATECHDATAHUB
SIL_UK,NORMAL,INV_SIMILAR_ITEM_LINES,TABLE,ORATECH_DATA,SIH_SIMILAR_ITEM_ID~IIM_ITEM_ID~,ORATECHDATAHUB
INVSLOCASSIGNB_PK,NORMAL,INV_SLOCASSIGN_BATCHS,TABLE,ORATECH_DATA,ASSIGNMENT_BATCH_ID,ORATECHDATAHUB
INVSLOCASSIGNHEADERS_PK,NORMAL,INV_SLOCASSIGN_HEADERS,TABLE,ORATECH_DATA,ASSIGNMENT_ID,ORATECHDATAHUB
INVSLOCASSIGNHEADERS_UK1,NORMAL,INV_SLOCASSIGN_HEADERS,TABLE,ORATECH_DATA,ASSIGNMENT_NAME,ORATECHDATAHUB
INVSLOCASSIGNLINES_PK,NORMAL,INV_SLOCASSIGN_LINES,TABLE,ORATECH_DATA,ASSIGNMENT_LINE_ID,ORATECHDATAHUB
INVSTKTKITEM_UK2,NORMAL,INV_STKTAKE_ITEMS,TABLE,ORATECH_DATA,STKTAKE_TYPE_ID~SL_NO~,ORATECHDATAHUB
ISI_ISI_UK1_UK,NORMAL,INV_STKTAKE_ITEMS,TABLE,ORATECH_DATA,ITEM_ID~STKTAKE_TYPE_ID~,ORATECHDATAHUB
ISI_PK,NORMAL,INV_STKTAKE_ITEMS,TABLE,ORATECH_DATA,STKTAKE_ITEM_ID,ORATECHDATAHUB
IST_IST_NAME_UK1_UK,NORMAL,INV_STKTAKE_TYPES,TABLE,ORATECH_DATA,STKTAKE_NAME,ORATECHDATAHUB
IST_PK,NORMAL,INV_STKTAKE_TYPES,TABLE,ORATECH_DATA,STKTAKE_TYPE_ID,ORATECHDATAHUB
STOCKSPLITHEADERS_PK,NORMAL,INV_STOCKSPLIT_HEADERS,TABLE,ORATECH_DATA,STOCKSPLIT_ID,ORATECHDATAHUB
STOCKSPLITHEADERS_UK1,NORMAL,INV_STOCKSPLIT_HEADERS,TABLE,ORATECH_DATA,STOCKSPLIT_NAME,ORATECHDATAHUB
STOCKSPLITLINES_PK,NORMAL,INV_STOCKSPLIT_LINES,TABLE,ORATECH_DATA,STOCKSPLIT_LINE_ID,ORATECHDATAHUB
INVSUBLOCH_PK,NORMAL,INV_SUBLOC_HIERARCHY,TABLE,ORATECH_DATA,HIERARCHY_ID,ORATECHDATAHUB
INVSUBLOCH_UK,NORMAL,INV_SUBLOC_HIERARCHY,TABLE,ORATECH_DATA,LOCATION_ID~SL_NO~,ORATECHDATAHUB
INVSUBLOCSNAP_NDX1,NORMAL,INV_SUBLOC_VAL_SNAP,TABLE,ORATECH_INDX,LOCATION_ID~SUB_LOCATION_ID~SNAPSHOT_YEAR~SNAPSHOT_MONTH~,ORATECHDATAHUB
ISUBLOCSNAP_PK,NORMAL,INV_SUBLOC_VAL_SNAP,TABLE,ORATECH_DATA,SNAPSHOT_ID,ORATECHDATAHUB
INV_SUBLOCUK4,NORMAL,INV_SUB_LOCATIONS,TABLE,ORATECH_DATA,SUB_LOCATION_NUMBER,ORATECHDATAHUB
ISL_PK,NORMAL,INV_SUB_LOCATIONS,TABLE,ORATECH_DATA,SUB_LOCATION_ID,ORATECHDATAHUB
ISL_SLO_UK_UK,NORMAL,INV_SUB_LOCATIONS,TABLE,ORATECH_DATA,IL_LOCATION_ID~SUB_LOCATION~,ORATECHDATAHUB
IWC_PK,NORMAL,INV_WEEE_CHARGES,TABLE,ORATECH_DATA,CHARGE_ID~NAME~,ORATECHDATAHUB
PALLBOX_SOURCEREF_NDX,NORMAL,PALLET_BOXES,TABLE,ORATECH_INDX,SOURCE_OBJECT_REF~SOURCE_REF_ID1~,ORATECHDATAHUB
PALLETBOX_NAME_UK1,NORMAL,PALLET_BOXES,TABLE,ORATECH_DATA,BOX_NAME,ORATECHDATAHUB
PALLETBOX_NUMBER_UK2,NORMAL,PALLET_BOXES,TABLE,ORATECH_DATA,BOX_NUMBER,ORATECHDATAHUB
PALLETBOX_PK,NORMAL,PALLET_BOXES,TABLE,ORATECH_DATA,BOX_ID,ORATECHDATAHUB
PALLETHEAD_NAME_UK1,NORMAL,PALLET_HEADERS,TABLE,ORATECH_DATA,PALLET_NAME,ORATECHDATAHUB
PALLETHEAD_NUMBER_UK2,NORMAL,PALLET_HEADERS,TABLE,ORATECH_DATA,PALLET_NUMBER,ORATECHDATAHUB
PALLETHEAD_PK,NORMAL,PALLET_HEADERS,TABLE,ORATECH_DATA,PALLET_HEADER_ID,ORATECHDATAHUB
PALLETLINE1_PK,NORMAL,PALLET_LINES,TABLE,ORATECH_DATA,PALLET_LINE_ID,ORATECHDATAHUB
PALLETLINE2_UK1,NORMAL,PALLET_LINES,TABLE,ORATECH_DATA,PALLET_HEADER_ID~BOX_ID~SUB_LOCATION_ID~ITEM_ID~,ORATECHDATAHUB
PALLETLINE_SLNO_UK2,NORMAL,PALLET_LINES,TABLE,ORATECH_DATA,BOX_ID~SL_NO~,ORATECHDATAHUB
PALLLINE_SOURCEREF_NDX,NORMAL,PALLET_LINES,TABLE,ORATECH_INDX,SOURCE_OBJECT_REF~SOURCE_REF_ID1~,ORATECHDATAHUB
PALLETTRANS1_PK,NORMAL,PALLET_TRANSACTIONS,TABLE,ORATECH_DATA,PALLET_TRANS_ID,ORATECHDATAHUB
PB_PK,NORMAL,PO_BUYERS,TABLE,ORATECH_DATA,PO_BUYER_ID,ORATECHDATAHUB
POBUY_UK1,NORMAL,PO_BUYERS,TABLE,ORATECH_DATA,BUYER_ID~SUPERVISOR_ID~,ORATECHDATAHUB
PGH_PK,NORMAL,PO_GRN_HEADERS,TABLE,ORATECH_DATA,GRN_ID,ORATECHDATAHUB
POGRNH_INDX2,NORMAL,PO_GRN_HEADERS,TABLE,ORATECH_INDX,GRN_ID~GRN_STATUS~,ORATECHDATAHUB
GRNLINE_ITEMID_NDX,NORMAL,PO_GRN_LINES,TABLE,ORATECH_INDX,ITEM_ID,ORATECHDATAHUB
PGL_PK,NORMAL,PO_GRN_LINES,TABLE,ORATECH_DATA,GRN_LINE_ID,ORATECHDATAHUB
POGRNL_INDX2,NORMAL,PO_GRN_LINES,TABLE,ORATECH_INDX,PGH_GRN_ID,ORATECHDATAHUB
POH_PK,NORMAL,PO_HEADERS,TABLE,ORATECH_DATA,PO_HEADER_ID,ORATECHDATAHUB
POLINE_ITEMID_NDX,NORMAL,PO_LINES,TABLE,ORATECH_INDX,ITEM_ID,ORATECHDATAHUB
POLINE_SALORDERLINEID_NDX,NORMAL,PO_LINES,TABLE,ORATECH_INDX,SALODER_LINE_ID,ORATECHDATAHUB
POL_PRIMARYKEY,NORMAL,PO_LINES,TABLE,ORATECH_DATA,PO_LINE_ID,ORATECHDATAHUB
POORDERPADHEAD_NAME_UK1,NORMAL,PO_ORDERPAD_HEADERS,TABLE,ORATECH_DATA,ORDERPAD_NAME,ORATECHDATAHUB
POORDPADHEAD_PK,NORMAL,PO_ORDERPAD_HEADERS,TABLE,ORATECH_DATA,ORDERPAD_HEADER_ID,ORATECHDATAHUB
POORDERPADLINE_PK,NORMAL,PO_ORDERPAD_LINES,TABLE,ORATECH_DATA,ORDERPAD_LINE_ID,ORATECHDATAHUB
PRICETEMPHEADERS_PK,NORMAL,PRICE_TEMPLATE_HEADERS,TABLE,ORATECH_DATA,PRICETEMP_ID,ORATECHDATAHUB
PRICETEMPHEADERS_UK1,NORMAL,PRICE_TEMPLATE_HEADERS,TABLE,ORATECH_DATA,PRICETEMP_CODE,ORATECHDATAHUB
PRICETEMPHEADERS_UK2,NORMAL,PRICE_TEMPLATE_HEADERS,TABLE,ORATECH_DATA,PRICETEMP_NAME,ORATECHDATAHUB
PRICETEMPLINES_PK,NORMAL,PRICE_TEMPLATE_LINES,TABLE,ORATECH_DATA,PRICETEMP_LINE_ID,ORATECHDATAHUB
PRICETEMPLINES_UK1,NORMAL,PRICE_TEMPLATE_LINES,TABLE,ORATECH_DATA,PRICETEMP_ID~SL_NO~,ORATECHDATAHUB
PRICETEMPLINES_UK2,NORMAL,PRICE_TEMPLATE_LINES,TABLE,ORATECH_DATA,PRICETEMP_ID~SALES_UNIT~,ORATECHDATAHUB
PRUPDH_PK,NORMAL,PRICE_UPDATEITEMCP_HEADERS,TABLE,ORATECH_DATA,UPDATEITEMCP_HEADER_ID,ORATECHDATAHUB
PRUPDL_PK,NORMAL,PRICE_UPDATEITEMCP_LINES,TABLE,ORATECH_DATA,UPDATEITEMCP_LINE_ID,ORATECHDATAHUB
PRUPDL_UK1,NORMAL,PRICE_UPDATEITEMCP_LINES,TABLE,ORATECH_DATA,UPDATEITEMCP_LINE_ID~ITEM_ID~,ORATECHDATAHUB
PRUPDATESP_PK,NORMAL,PRICE_UPDATESP_PRICES,TABLE,ORATECH_DATA,UPDATESP_ID,ORATECHDATAHUB
ARPLH_PK,NORMAL,PR_PRICELIST_HEADERS,TABLE,ORATECH_DATA,PRICELIST_HEADER_ID,ORATECHDATAHUB
ARPLH_UK1,NORMAL,PR_PRICELIST_HEADERS,TABLE,ORATECH_DATA,PRICELIST_NAME,ORATECHDATAHUB
PRPL_PK,NORMAL,PR_PRICELIST_LINES,TABLE,ORATECH_DATA,PRICELIST_LINE_ID,ORATECHDATAHUB
SYSATTHEAD_PK,NORMAL,SYS_ATTACHMENT_HEADERS,TABLE,ORATECH_DATA,ATTACHMENT_ID,ORATECHDATAHUB
SYSATTLINE_PK,NORMAL,SYS_ATTACHMENT_LINES,TABLE,ORATECH_DATA,ATTACHMENT_LINE_ID,ORATECHDATAHUB
SYSCTRLH_PK,NORMAL,SYS_CONTROL_HEADERS,TABLE,ORATECH_DATA,CONTROL_HEADER_ID,ORATECHDATAHUB
SYSCTRLH_UK1,NORMAL,SYS_CONTROL_HEADERS,TABLE,ORATECH_DATA,CONTROL_TYPE~IDENTIFIER~,ORATECHDATAHUB
SYSCTRLL_UK1,NORMAL,SYS_CONTROL_LINES,TABLE,ORATECH_DATA,CONTROL_HEADER_ID~CONTROL_LINE_TYPE~IDENTIFIER,ORATECHDATAHUB
SYSLINECTRL_PK,NORMAL,SYS_CONTROL_LINES,TABLE,ORATECH_DATA,CONTROL_LINE_ID,ORATECHDATAHUB
CMNPARAMVALUES_NDX1,NORMAL,SYS_JOB_PARAM_VALUES,TABLE,ORATECH_INDX,JOB_ID~PARAM_ID~PARAMVALUE_SOURCE~PARAMVALUE_SOURCE_ID~,ORATECHDATAHUB
CMNPARAMVALUE_PK,NORMAL,SYS_JOB_PARAM_VALUES,TABLE,ORATECH_DATA,PARAMVALUE_ID,ORATECHDATAHUB
JOBQUEUE_NDX1,NORMAL,SYS_JOB_QUEUE,TABLE,ORATECH_INDX,REPEAT~NEXT_RUN_DATE~,ORATECHDATAHUB
JOBQUEUE_PK,NORMAL,SYS_JOB_QUEUE,TABLE,ORATECH_DATA,QUEUE_ID,ORATECHDATAHUB
SYSLASTSAVED_PK,NORMAL,SYS_LASTSAVED_VALUES,TABLE,ORATECH_DATA,SAVED_ID,ORATECHDATAHUB
SYSLOGGEDINSESSION_PK,NORMAL,SYS_LOGGEDINSESSIONS,TABLE,ORATECH_DATA,SESSION_ID,ORATECHDATAHUB
SYSSAUDIT_PK,NORMAL,SYS_LOGIN_AUDIT,TABLE,ORATECH_DATA,LOGIN_AUDIT_ID,ORATECHDATAHUB
SYSLOGH_PK,NORMAL,SYS_LOG_HEADERS,TABLE,ORATECH_DATA,LOG_HEADER_ID,ORATECHDATAHUB
SYSLOGL_INDEX1,NORMAL,SYS_LOG_LINES,TABLE,ORATECH_INDX,LOG_LINE_TAG,ORATECHDATAHUB
SYSLOGL_INDEX2,NORMAL,SYS_LOG_LINES,TABLE,ORATECH_INDX,LOG_HEADER_ID,ORATECHDATAHUB
SYSLOGL_INDEX3,NORMAL,SYS_LOG_LINES,TABLE,ORATECH_INDX,OBJECT_NAME~OBJECT_ID1~OBJECT_ID2,ORATECHDATAHUB
SYSLOGL_INDEX4,NORMAL,SYS_LOG_LINES,TABLE,ORATECH_INDX,OBJECT_NAME~OBJECT_REF1~OBJECT_REF2,ORATECHDATAHUB
SYSLOGL_PK,NORMAL,SYS_LOG_LINES,TABLE,ORATECH_DATA,LOG_LINE_ID,ORATECHDATAHUB
SYSNOTIFH_PK,NORMAL,SYS_NOTIFICATION_EVENTS,TABLE,ORATECH_DATA,EVENT_ID,ORATECHDATAHUB
SYSNOTIFH_UK,NORMAL,SYS_NOTIFICATION_EVENTS,TABLE,ORATECH_DATA,IDENTIFIER,ORATECHDATAHUB
SYSNOTIFL_PK,NORMAL,SYS_NOTIFICATION_RECIPIENTS,TABLE,ORATECH_DATA,EVENT_LINE_ID,ORATECHDATAHUB
SYSPROG_PK,NORMAL,SYS_PROGRAMS,TABLE,ORATECH_DATA,PROGRAM_ID,ORATECHDATAHUB
SYSPROG_UK1,NORMAL,SYS_PROGRAMS,TABLE,ORATECH_DATA,IDENTIFIER,ORATECHDATAHUB
SYSCHJOB_PK,NORMAL,SYS_SCHEDULE_JOBS,TABLE,ORATECH_DATA,JOB_ID,ORATECHDATAHUB
SYSJOBNAME_UK1,NORMAL,SYS_SCHEDULE_JOBS,TABLE,ORATECH_DATA,JOB_NAME,ORATECHDATAHUB
SYSSHORTNAME_UK2,NORMAL,SYS_SCHEDULE_JOBS,TABLE,ORATECH_DATA,JOB_SHORT_NAME,ORATECHDATAHUB
SYSUIITEMATTR_ID_PK,NORMAL,SYS_UIITEMATTRS,TABLE,ORATECH_DATA,ITEM_ATTR_ID,ORATECHDATAHUB
SYSUIITEMATTR_UK1,NORMAL,SYS_UIITEMATTRS,TABLE,ORATECH_DATA,ITEM_ID~ATTRIBUTE_ID~,ORATECHDATAHUB
SYSUIITEM_ID_PK,NORMAL,SYS_UIITEMS,TABLE,ORATECH_DATA,ITEM_ID,ORATECHDATAHUB
SYSUIITEM_NAME_UK1,NORMAL,SYS_UIITEMS,TABLE,ORATECH_DATA,REGION_ID~NAME~,ORATECHDATAHUB
SYSUIREG_ID_PK,NORMAL,SYS_UIREGIONS,TABLE,ORATECH_DATA,REGION_ID,ORATECHDATAHUB
SYSUIREG_NAME_UK1,NORMAL,SYS_UIREGIONS,TABLE,ORATECH_DATA,NAME,ORATECHDATAHUB
SYSUSERCTRL_PK,NORMAL,SYS_USER_CONTROLS,TABLE,ORATECH_DATA,USER_CONTROL_ID,ORATECHDATAHUB
SYSWORKLIST_ID_PK,NORMAL,SYS_WORKLIST,TABLE,ORATECH_DATA,WORKLIST_ID,ORATECHDATAHUB
TP_SOURCELINE_PK,NORMAL,TP_STOCK_LINES,TABLE,ORATECH_DATA,TP_STOCK_LINE_ID,ORATECHDATAHUB
TPSOURCENAME_UK1,NORMAL,TP_STOCK_SOURCES,TABLE,ORATECH_DATA,TP_SOURCE_NAME,ORATECHDATAHUB
TPSOURCE_PK,NORMAL,TP_STOCK_SOURCES,TABLE,ORATECH_DATA,TP_SOURCE_ID,ORATECHDATAHUB
WWWNODESSID_NDX1,NORMAL,WWW_NODES,TABLE,ORATECH_INDX,WWW_SOURCE_ID~LANGUAGE_CODE~SOURCE_NODE_ID,ORATECHDATAHUB
WWWNODESSPATH_NDX1,NORMAL,WWW_NODES,TABLE,ORATECH_INDX,WWW_SOURCE_ID~LANGUAGE_CODE~SOURCE_NODE_PATH,ORATECHDATAHUB
WWW_NODESUBSOURCE_UK1,NORMAL,WWW_NODES,TABLE,ORATECH_DATA,WWW_SUB_SOURCE_ID~SOURCE_NODE_ID~,ORATECHDATAHUB
WWW_NODES_PK,NORMAL,WWW_NODES,TABLE,ORATECH_DATA,WWW_NODE_ID,ORATECHDATAHUB
WWWNODELINKCAT_NDX1,NORMAL,WWW_NODE_LINKS,TABLE,ORATECH_INDX,WWW_SOURCE_ID~LANGUAGE_CODE~CATEGORY_ID,ORATECHDATAHUB
WWWNODELINKITEM_NDX2,NORMAL,WWW_NODE_LINKS,TABLE,ORATECH_INDX,WWW_SOURCE_ID~LANGUAGE_CODE~ITEM_ID,ORATECHDATAHUB
WWWNODELINKSLNO,NORMAL,WWW_NODE_LINKS,TABLE,ORATECH_INDX,WWW_SOURCE_ID~SOURCE_NODE_ID~LANGUAGE_CODE~CATEGORY_ID~SUB_CATEGORY_ID~ITEM_ID~SL_NO,ORATECHDATAHUB
WWWNODELINKSUBCAT_NDX2,NORMAL,WWW_NODE_LINKS,TABLE,ORATECH_INDX,WWW_SOURCE_ID~LANGUAGE_CODE~SUB_CATEGORY_ID,ORATECHDATAHUB
WWW_SOURCENAME_UK1,NORMAL,WWW_SOURCES,TABLE,ORATECH_DATA,WWW_SOURCE_NAME,ORATECHDATAHUB
WWW_SOURCE_PK,NORMAL,WWW_SOURCES,TABLE,ORATECH_DATA,WWW_SOURCE_ID,ORATECHDATAHUB
WWW_SUBSOURCENAME_UK1,NORMAL,WWW_SUB_SOURCES,TABLE,ORATECH_DATA,WWW_SOURCE_ID~SUB_SOURCE_NAME~,ORATECHDATAHUB
WWW_SUBSOURCE_PK,NORMAL,WWW_SUB_SOURCES,TABLE,ORATECH_DATA,WWW_SUB_SOURCE_ID,ORATECHDATAHUB
