SEQUENCE_NAME,MIN_VALUE,MAX_VALUE,INCREMENT_BY,DATASOURCE
AP_DBNOTE_DETAILS_S,1,99999999999999999999,1,ORATECHDATAHUB
AP_DBNOTE_HEADERS_S,1,9999999999999999999999999999,1,ORATECHDATAHUB
AP_DBNOTE_LINES_S,1,9999999999999999999999999999,1,ORATECHDATAHUB
AP_INVOICE_DETAILS_S,1,99999999999999999999,1,ORATECHDATAHUB
AP_INVOICE_HEADERS_S,1,9999999999999999999999999999,1,ORATECHDATAHUB
AP_INVOICE_LINES_S,1,9999999999999999999999999999,1,ORATECHDATAHUB
AP_OPTIONS_S,1,99999999999999999999,1,ORATECHDATAHUB
AP_PAYMENT_HEADERS_S,1,9999999999999999999999999999,1,ORATECHDATAHUB
AP_PAYMENT_LINES_S,1,9999999999999999999999999999,1,ORATECHDATAHUB
AP_SUPPLIERS_S,1,99999999999999999999,1,ORATECHDATAHUB
AP_SUPPLIER_PRICE_LISTS_S,1,9999999999999999999999999999,1,ORATECHDATAHUB
AP_SUPPLIER_PROFILES_S,1,99999999999999999999,1,ORATECHDATAHUB
AP_SUPSUM_SNAP_S,1,9999999999999999999999999999,1,ORATECHDATAHUB
AR_CUSTOMERS_S,1,9999999999999999999999999999,1,ORATECHDATAHUB
AR_CUSTOMER_IMPORT_S,1,9999999999999999999999999999,1,ORATECHDATAHUB
AR_CUSTOMER_PRICELISTS_S,1,9999999999999999999999999999,1,ORATECHDATAHUB
AR_CUSTOMER_PRICE_LISTS_S,1,9999999999999999999999999999,1,ORATECHDATAHUB
AR_CUSTOMER_PROFILES_S,1,9999999999999999999999999999,1,ORATECHDATAHUB
AR_CUSTSPLIT_HEADERS_S,1,9999999999999999999999999999,1,ORATECHDATAHUB
AR_CUSTSPLIT_LINES_S,1,9999999999999999999999999999,1,ORATECHDATAHUB
AR_CUSTSUM_SNAP_S,1,9999999999999999999999999999,1,ORATECHDATAHUB
AR_CUST_BARCODE_UPLOADS_S,1,9999999999999999999999999999,1,ORATECHDATAHUB
AR_CUST_ITEM_EXLCATEGORIES_S,1,9999999999999999999999999999,1,ORATECHDATAHUB
AR_CUST_ITEM_MAPCATEGORIES_S,1,9999999999999999999999999999,1,ORATECHDATAHUB
AR_CUST_ITEM_OFFERS_S,1,9999999999999999999999999999,1,ORATECHDATAHUB
AR_CUST_ITEM_RESERVES_S,1,99999999999999999999,1,ORATECHDATAHUB
AR_CUST_ITEM_UPLOADS_S,1,9999999999999999999999999999,1,ORATECHDATAHUB
AR_CUST_LAST_PRICESES_S,1,99999999999999999999,1,ORATECHDATAHUB
AR_CUST_PAYMENT_METHODS_S,1,9999999999999999999999999999,1,ORATECHDATAHUB
AR_CUST_STORE_CARDSES_S,1,9999999999999999999999999999,1,ORATECHDATAHUB
AR_DELIVERY_HEADERS_S,1,9999999999999999999999999999,1,ORATECHDATAHUB
AR_DELIVERY_LINES_S,1,9999999999999999999999999999,1,ORATECHDATAHUB
AR_FREIGHT_COUNTRIES_S,1,9999999999999999999999999999,1,ORATECHDATAHUB
AR_FREIGHT_HEADERS_S,1,9999999999999999999999999999,1,ORATECHDATAHUB
AR_FREIGHT_LINES_S,1,9999999999999999999999999999,1,ORATECHDATAHUB
AR_FREIGHT_MASTERS_S,1,9999999999999999999999999999,1,ORATECHDATAHUB
AR_INVBATCH_COUNT_S,1,9999999999999999999999999999,1,ORATECHDATAHUB
AR_INVBATCH_GROUP_S,1,99999999999999999999,1,ORATECHDATAHUB
AR_INVOICE_HEADERS_S,1,9999999999999999999999999999,1,ORATECHDATAHUB
AR_INVOICE_LINES_S,1,9999999999999999999999999999,1,ORATECHDATAHUB
AR_ITEM_FULFILLMENT_S,1,9999999999999999999999999999,1,ORATECHDATAHUB
AR_OPTIONS_S,1,99999999999999999999,1,ORATECHDATAHUB
AR_ORDERPAD_HEADERS_S,1,9999999999999999999999999999,1,ORATECHDATAHUB
AR_ORDERPAD_LINES_S,1,9999999999999999999999999999,1,ORATECHDATAHUB
AR_PAYMENT_HEADERS_S,1,9999999999999999999999999999,1,ORATECHDATAHUB
AR_PAYMENT_LINES_S,1,9999999999999999999999999999,1,ORATECHDATAHUB
AR_REPAYMENT_LINES_S,1,9999999999999999999999999999,1,ORATECHDATAHUB
AR_SALCR_GROUPS_S,1,9999999999999999999999999999,1,ORATECHDATAHUB
AR_SALCR_GROUP_MEMBERS_S,1,9999999999999999999999999999,1,ORATECHDATAHUB
AR_SALESORDER_HEADERS_S,1,9999999999999999999999999999,1,ORATECHDATAHUB
AR_SALESORDER_IMPORT_S,1,9999999999999999999999999999,1,ORATECHDATAHUB
AR_SALESORDER_LINES_S,1,9999999999999999999999999999,1,ORATECHDATAHUB
AR_SALESORDER_PICKLIST_S,1,9999999999999999999999999999,1,ORATECHDATAHUB
AR_SALESORDER_STATUSES_S,1,9999999999999999999999999999,1,ORATECHDATAHUB
AR_SALES_PERSONS_S,1,9999999999999999999999999999,1,ORATECHDATAHUB
AR_SOIMPORT_BATCH_S,1,9999999999999999999999999999,1,ORATECHDATAHUB
AUDIT_CUSTPRICE_HISTORY_S,1,9999999999999999999999999999,1,ORATECHDATAHUB
AUDIT_ITEMPRICE_HISTORY_S,1,9999999999999999999999999999,1,ORATECHDATAHUB
AUDIT_MINUSSTOCK_S,1,9999999999999999999999999999,1,ORATECHDATAHUB
AUDIT_STOCK_HISTORY_S,1,9999999999999999999999999999,1,ORATECHDATAHUB
CMN_ADDITIONAL_INFO_S,1,9999999999999999999999999999,1,ORATECHDATAHUB
CMN_ALERTS_S,1,9999999999999999999999999999,1,ORATECHDATAHUB
CMN_AUDIT_LOGINS_S,1,9999999999999999999999999999,1,ORATECHDATAHUB
CMN_BANKS_S,1,99999999999999999999,1,ORATECHDATAHUB
CMN_BANK_ACCOUNTS_S,1,99999999999999999999,1,ORATECHDATAHUB
CMN_BANK_CHEQUES_S,1,9999999999999999999999999999,1,ORATECHDATAHUB
CMN_BANK_STATEMENTS_S,1,9999999999999999999999999999,1,ORATECHDATAHUB
CMN_BUSINESS_SECTORS_S,1,9999999999999999999999999999,1,ORATECHDATAHUB
CMN_BUSINESS_UNITS_S,1,99999999999999999999,1,ORATECHDATAHUB
CMN_CALENDAR_S,1,9999999999999999999999999999,1,ORATECHDATAHUB
CMN_CARDS_S,1,9999999999999999999999999999,1,ORATECHDATAHUB
CMN_CARD_OPTIONS_S,1,9999999999999999999999999999,1,ORATECHDATAHUB
CMN_CLOCKINOUT_S,1,9999999999999999999999999999,1,ORATECHDATAHUB
CMN_COMMODITY_CODES_S,1,9999999999999999999999999999,1,ORATECHDATAHUB
CMN_COMMODITY_RATES_S,1,9999999999999999999999999999,1,ORATECHDATAHUB
CMN_COMMUNICATIONS_S,1,9999999999999999999999999999,1,ORATECHDATAHUB
CMN_COMPANIES_S,1,99999999999999999999,1,ORATECHDATAHUB
CMN_CONTACTS_S,1,9999999999999999999999999999,1,ORATECHDATAHUB
CMN_CONTACT_PERMISSIONS_S,1,9999999999999999999999999999,1,ORATECHDATAHUB
CMN_CONTAINERS_S,1,9999999999999999999999999999,1,ORATECHDATAHUB
CMN_COUNTRIES_S,1,99999999999999999999,1,ORATECHDATAHUB
CMN_CURRENCIES_S,1,99999999999999999999,1,ORATECHDATAHUB
CMN_CURRENCY_RATES_S,1,99999999999999999999,1,ORATECHDATAHUB
CMN_FUNCTIONS_S,1,99999999999999999999,1,ORATECHDATAHUB
CMN_GRANTED_PRIVS_S,1,9999999999999999999999999999,1,ORATECHDATAHUB
CMN_IMPORT_BATCH_S,1,9999999999999999999999999999,1,ORATECHDATAHUB
CMN_LANGUAGES_S,1,99999999999999999999,1,ORATECHDATAHUB
CMN_LANGUAGE_TEXTS_S,1,9999999999999999999999999999,1,ORATECHDATAHUB
CMN_LOGGEDIN_USERS_S,1,9999999999999999999999999999,1,ORATECHDATAHUB
CMN_LOOKUP_CODES_S,1,99999999999999999999,1,ORATECHDATAHUB
CMN_LOOKUP_LINKS_S,1,9999999999999999999999999999,1,ORATECHDATAHUB
CMN_LOOKUP_TYPES$_S,1,99999999999999999999,1,ORATECHDATAHUB
CMN_LOOKUP_TYPES_S,1,99999999999999999999,1,ORATECHDATAHUB
CMN_MAILMERGE_HEADERS_S,1,99999999999999999999,1,ORATECHDATAHUB
CMN_MAILMERGE_LINES_S,1,99999999999999999999,1,ORATECHDATAHUB
CMN_MENUS_S,1,99999999999999999999,1,ORATECHDATAHUB
CMN_MENU_RESPONSIBILITIES$_S,1,99999999999999999999,1,ORATECHDATAHUB
CMN_MENU_RESPONSIBILITIES_S,1,99999999999999999999,1,ORATECHDATAHUB
CMN_MODULES_S,1,99999999999999999999,1,ORATECHDATAHUB
CMN_NAVIGATIONS_S,1,99999999999999999999,1,ORATECHDATAHUB
CMN_NOTIFICATIONS_S,1,9999999999999999999999999999,1,ORATECHDATAHUB
CMN_OBJECT_BATCHELINES_S,1,99999999999999999999,1,ORATECHDATAHUB
CMN_OBJECT_BATCHES_S,1,9999999999999999999999999999,1,ORATECHDATAHUB
CMN_OBJECT_BATCH_LINES_S,1,9999999999999999999999999999,1,ORATECHDATAHUB
CMN_OBJECT_STATUSES_S,1,9999999999999999999999999999,1,ORATECHDATAHUB
CMN_PARAMETERS_S,1,99999999999999999999,1,ORATECHDATAHUB
CMN_PAYMENTS_S,1,9999999999999999999999999999,1,ORATECHDATAHUB
CMN_PAYMENTTERM_BREAKUPS_S,1,9999999999999999999999999999,1,ORATECHDATAHUB
CMN_PAYMENT_METHODS_S,1,99999999999999999999,1,ORATECHDATAHUB
CMN_PAYMENT_TERMS_S,1,99999999999999999999,1,ORATECHDATAHUB
CMN_PAYMENT_TRANS_S,1,9999999999999999999999999999,1,ORATECHDATAHUB
CMN_PERIOD_BREAKDOWNS_S,1,9999999999999999999999999999,1,ORATECHDATAHUB
CMN_PERIOD_HEADERS_S,1,9999999999999999999999999999,1,ORATECHDATAHUB
CMN_PERIOD_LINES_S,1,9999999999999999999999999999,1,ORATECHDATAHUB
CMN_PRICEROUNDINGS_S,1,9999999999999999999999999999,1,ORATECHDATAHUB
CMN_PRINTERS_S,1,99999999999999999999,1,ORATECHDATAHUB
CMN_PRINTER_MATRIX_S,1,9999999999999999999999999999,1,ORATECHDATAHUB
CMN_PRIVILEGES_S,1,99999999999999999999,1,ORATECHDATAHUB
CMN_PROFILES_S,1,99999999999999999999,1,ORATECHDATAHUB
CMN_PROFILE_VALUES_S,1,9999999999999999999999999999,1,ORATECHDATAHUB
CMN_PROPERTIES_S,1,9999999999999999999999999999,1,ORATECHDATAHUB
CMN_PROPERTY_OBJECTS_S,1,9999999999999999999999999999,1,ORATECHDATAHUB
CMN_PROPERTY_VALUES_S,1,9999999999999999999999999999,1,ORATECHDATAHUB
CMN_REASONS_S,1,99999999999999999999,1,ORATECHDATAHUB
CMN_REPORTGROUP_HEADERS_S,1,9999999999999999999999999999,1,ORATECHDATAHUB
CMN_REPORTGROUP_LINES_S,1,9999999999999999999999999999,1,ORATECHDATAHUB
CMN_REPORTOUTPUTS_SNAP_S,1,9999999999999999999999999999,1,ORATECHDATAHUB
CMN_REPORTS_S,1,9999999999999999999999999999,1,ORATECHDATAHUB
CMN_REPORT_COLUMNS_S,1,9999999999999999999999999999,1,ORATECHDATAHUB
CMN_REPORT_CONFIG_S,1,9999999999999999999999999999,1,ORATECHDATAHUB
CMN_REPORT_PARAMETERS_S,1,9999999999999999999999999999,1,ORATECHDATAHUB
CMN_REPORT_SET_S,1,9999999999999999999999999999,1,ORATECHDATAHUB
CMN_RESPONSIBILITIES_S,1,99999999999999999999,1,ORATECHDATAHUB
CMN_SEASONS_S,1,99999999999999999999,1,ORATECHDATAHUB
CMN_SEQUENCES_S,1,99999999999999999999,1,ORATECHDATAHUB
CMN_SHIFTS_S,1,9999999999999999999999999999,1,ORATECHDATAHUB
CMN_STP_ATTRIBUTES_S,1,9999999999999999999999999999,1,ORATECHDATAHUB
CMN_STP_LEVELS_S,1,9999999999999999999999999999,1,ORATECHDATAHUB
CMN_STYLE_PATTERNS_S,1,9999999999999999999999999999,1,ORATECHDATAHUB
CMN_SYS_OPTIONS_S,1,99999999999999999999,1,ORATECHDATAHUB
CMN_TAX_BREAKUPS_S,1,9999999999999999999999999999,1,ORATECHDATAHUB
CMN_TAX_CODES_S,1,99999999999999999999,1,ORATECHDATAHUB
CMN_TERMINALS_S,1,9999999999999999999999999999,1,ORATECHDATAHUB
CMN_TERMINAL_PROPERTIES_S,1,9999999999999999999999999999,1,ORATECHDATAHUB
CMN_TERMS_S,1,99999999999999999999,1,ORATECHDATAHUB
CMN_UNIT_OF_MEASUREMENTS_S,1,99999999999999999999,1,ORATECHDATAHUB
CMN_USERS_S,1,99999999999999999999,1,ORATECHDATAHUB
CMN_USER_EXCLUSIONS_S,1,9999999999999999999999999999,1,ORATECHDATAHUB
CMN_USER_REPORTGROUPS_S,1,9999999999999999999999999999,1,ORATECHDATAHUB
CMN_USER_RESPONSIBILITIES_S,1,99999999999999999999,1,ORATECHDATAHUB
CMN_USER_TOP_FUNCTIONS_S,1,9999999999999999999999999999,1,ORATECHDATAHUB
CMN_WDAY_SHIFTS_S,1,9999999999999999999999999999,1,ORATECHDATAHUB
CRM_COMMUNICATIONS_S,1,9999999999999999999999999999,1,ORATECHDATAHUB
CRM_PARTIES_S,1,9999999999999999999999999999,1,ORATECHDATAHUB
CRM_TEMPLATES_S,1,9999999999999999999999999999,1,ORATECHDATAHUB
DAILY_STOCK_SNAPSHOTS_S,1,9999999999999999999999999999,1,ORATECHDATAHUB
DIRECTORY_LISTING_S,1,9999999999999999999999999999,1,ORATECHDATAHUB
DISPATCH_HEADERS_S,1,9999999999999999999999999999,1,ORATECHDATAHUB
EMP_DEPARTMENTS_S,1,9999999999999999999999999999,1,ORATECHDATAHUB
EMP_EMPLOYEES_S,1,9999999999999999999999999999,1,ORATECHDATAHUB
EMP_JOBS_S,1,9999999999999999999999999999,1,ORATECHDATAHUB
EMP_JOB_TYPES_S,1,9999999999999999999999999999,1,ORATECHDATAHUB
EMP_JOB_TYPE_DAYS_S,1,9999999999999999999999999999,1,ORATECHDATAHUB
EMP_POSITIONS_S,1,9999999999999999999999999999,1,ORATECHDATAHUB
EMP_WORKING_DAYS_S,1,9999999999999999999999999999,1,ORATECHDATAHUB
EXPORT_HEADERS_S,1,9999999999999999999999999999,1,ORATECHDATAHUB
EXPORT_LINES_S,1,9999999999999999999999999999,1,ORATECHDATAHUB
EXTERNAL_ITEM_TABLE_S,1,9999999999999999999999999999,1,ORATECHDATAHUB
EXT_SALESORDERS_S,1,9999999999999999999999999999,1,ORATECHDATAHUB
EXT_TRANS_HEADERS_S,1,9999999999999999999999999999,1,ORATECHDATAHUB
EXT_TRANS_LINES_S,1,9999999999999999999999999999,1,ORATECHDATAHUB
GL_ACCOUNT_CODESES_S,1,99999999999999999999,1,ORATECHDATAHUB
GL_ACCOUNT_CODES_S,1,99999999999999999999,1,ORATECHDATAHUB
GL_CASHINGUP_HEADERS_S,1,9999999999999999999999999999,1,ORATECHDATAHUB
GL_CASHINGUP_LINES_S,1,9999999999999999999999999999,1,ORATECHDATAHUB
GL_CATEGORIES_S,1,99999999999999999999,1,ORATECHDATAHUB
GL_JE_HEADERS_S,1,9999999999999999999999999999,1,ORATECHDATAHUB
GL_JE_LINES_S,1,9999999999999999999999999999,1,ORATECHDATAHUB
GL_PAYMENT_HEADERS_S,1,9999999999999999999999999999,1,ORATECHDATAHUB
GL_PAYMENT_LINES_S,1,9999999999999999999999999999,1,ORATECHDATAHUB
GL_SUB_CATEGORIES_S,1,99999999999999999999,1,ORATECHDATAHUB
GL_TEMPLATES_S,1,9999999999999999999999999999,1,ORATECHDATAHUB
GL_TEMPLATE_LINES_S,1,9999999999999999999999999999,1,ORATECHDATAHUB
GL_TEMPLATE_TRANS_HEADERS_S,1,9999999999999999999999999999,1,ORATECHDATAHUB
GL_TEMPLATE_TRANS_S,1,9999999999999999999999999999,1,ORATECHDATAHUB
GL_TRANS_SUM_S,1,9999999999999999999999999999,1,ORATECHDATAHUB
GRN_ORDERPAD_HEADERS_S,1,9999999999999999999999999999,1,ORATECHDATAHUB
GRN_ORDERPAD_LINES_S,1,9999999999999999999999999999,1,ORATECHDATAHUB
HR_USER_ASSIGNMENTS_S,1,9999999999999999999999999999,1,ORATECHDATAHUB
IMPEXP_HEADERS_S,1,99999999999999999999,1,ORATECHDATAHUB
IMPEXP_LINES_S,1,99999999999999999999,1,ORATECHDATAHUB
INTF_GRN_S,1,9999999999999999999999999999,1,ORATECHDATAHUB
INTF_ITEMS_S,1,9999999999999999999999999999,1,ORATECHDATAHUB
INTF_PO_S,1,9999999999999999999999999999,1,ORATECHDATAHUB
INTF_SUPPLIER_S,1,9999999999999999999999999999,1,ORATECHDATAHUB
INV_BARCODE_REPOSITORY_S,1,9999999999999999999999999999,1,ORATECHDATAHUB
INV_BOM_S,1,99999999999999999999,1,ORATECHDATAHUB
INV_BOM_TRANS_S,1,9999999999999999999999999999,1,ORATECHDATAHUB
INV_CONTAINER_LOG_S,1,9999999999999999999999999999,1,ORATECHDATAHUB
INV_ITEMCOUNT_INTERFACE_S,1,9999999999999999999999999999,1,ORATECHDATAHUB
INV_ITEMSALPURSUM_SNAP_S,1,9999999999999999999999999999,1,ORATECHDATAHUB
INV_ITEM_ADJUSTMENT_HEADERS_S,1,9999999999999999999999999999,1,ORATECHDATAHUB
INV_ITEM_ADJUSTMENT_LINES_S,1,9999999999999999999999999999,1,ORATECHDATAHUB
INV_ITEM_BARCODES_S,1,99999999999999999999,1,ORATECHDATAHUB
INV_ITEM_BATCHES_S,1,9999999999999999999999999999,1,ORATECHDATAHUB
INV_ITEM_BATCH_LINES_S,1,9999999999999999999999999999,1,ORATECHDATAHUB
INV_ITEM_CATEGORIES_S,1,99999999999999999999,1,ORATECHDATAHUB
INV_ITEM_COUNT_HEADERS_S,1,9999999999999999999999999999,1,ORATECHDATAHUB
INV_ITEM_COUNT_HEADERS_TEMP1_S,1,9999999999999999999999999999,1,ORATECHDATAHUB
INV_ITEM_COUNT_HEADERS_TEMP2_S,1,9999999999999999999999999999,1,ORATECHDATAHUB
INV_ITEM_COUNT_HEADERS_TEMP_S,1,9999999999999999999999999999,1,ORATECHDATAHUB
INV_ITEM_COUNT_LINES_S,1,9999999999999999999999999999,1,ORATECHDATAHUB
INV_ITEM_COUNT_LINES_TEMP1_S,1,9999999999999999999999999999,1,ORATECHDATAHUB
INV_ITEM_COUNT_LINES_TEMP2_S,1,9999999999999999999999999999,1,ORATECHDATAHUB
INV_ITEM_COUNT_LINES_TEMP_S,1,9999999999999999999999999999,1,ORATECHDATAHUB
INV_ITEM_DIMENSIONS_S,1,9999999999999999999999999999,1,ORATECHDATAHUB
INV_ITEM_DIMENSION_LINES_S,1,9999999999999999999999999999,1,ORATECHDATAHUB
INV_ITEM_EXTRAS_S,1,9999999999999999999999999999,1,ORATECHDATAHUB
INV_ITEM_FREIGHTS_S,1,9999999999999999999999999999,1,ORATECHDATAHUB
INV_ITEM_LOCATIONS_30JUN_S,1,9999999999999999999999999999,1,ORATECHDATAHUB
INV_ITEM_LOCATIONS_S,1,9999999999999999999999999999,1,ORATECHDATAHUB
INV_ITEM_LOCATIONS_TEMP_S,1,9999999999999999999999999999,1,ORATECHDATAHUB
INV_ITEM_MASTERS_S,1,99999999999999999999,1,ORATECHDATAHUB
INV_ITEM_MOVEMENT_HEADERS_S,1,9999999999999999999999999999,1,ORATECHDATAHUB
INV_ITEM_MOVEMENT_LINES_S,1,9999999999999999999999999999,1,ORATECHDATAHUB
INV_ITEM_MULTI_CATEGORIES_S,1,99999999999999999999,1,ORATECHDATAHUB
INV_ITEM_MULTI_SEASONS_S,1,99999999999999999999,1,ORATECHDATAHUB
INV_ITEM_MULTI_SEASON_S,1,99999999999999999999,1,ORATECHDATAHUB
INV_ITEM_OFFER_HEADERS_S,1,9999999999999999999999999999,1,ORATECHDATAHUB
INV_ITEM_OFFER_LINES_S,1,9999999999999999999999999999,1,ORATECHDATAHUB
INV_ITEM_PICKLIST_S,1,9999999999999999999999999999,1,ORATECHDATAHUB
INV_ITEM_PO_HISTORIES_S,1,9999999999999999999999999999,1,ORATECHDATAHUB
INV_ITEM_PRICEBREAKS_S,1,9999999999999999999999999999,1,ORATECHDATAHUB
INV_ITEM_PRICEHISTORIES_S,1,9999999999999999999999999999,1,ORATECHDATAHUB
INV_ITEM_PRICES_S,1,99999999999999999999,1,ORATECHDATAHUB
INV_ITEM_RES_SUMMARIES_S,1,99999999999999999999,1,ORATECHDATAHUB
INV_ITEM_SALES_UNITS_S,1,99999999999999999999,1,ORATECHDATAHUB
INV_ITEM_SERIAL_NUMBERS_S,1,9999999999999999999999999999,1,ORATECHDATAHUB
INV_ITEM_STATUSES_S,1,9999999999999999999999999999,1,ORATECHDATAHUB
INV_ITEM_STOCK_TAKES_S,1,99999999999999999999,1,ORATECHDATAHUB
INV_ITEM_SUBLOC_GROUPS_S,1,9999999999999999999999999999,1,ORATECHDATAHUB
INV_ITEM_SUBLOC_SNAP_S,1,9999999999999999999999999999,1,ORATECHDATAHUB
INV_ITEM_SUB_CATEGORIES_S,1,99999999999999999999,1,ORATECHDATAHUB
INV_ITEM_SUB_LOCATIONS_S,1,9999999999999999999999999999,1,ORATECHDATAHUB
INV_ITEM_SUMMARIESES_S,1,9999999999999999999999999999,1,ORATECHDATAHUB
INV_ITEM_SUPPLIER_LINKS_S,1,99999999999999999999,1,ORATECHDATAHUB
INV_ITEM_TEMPS_S,1,9999999999999999999999999999,1,ORATECHDATAHUB
INV_LOCATIONSES_S,1,99999999999999999999,1,ORATECHDATAHUB
INV_LOCATIONS_S,1,99999999999999999999,1,ORATECHDATAHUB
INV_LOCATION_PRICELISTS_S,1,9999999999999999999999999999,1,ORATECHDATAHUB
INV_MANF_SUPPLIER_LINKS_S,1,99999999999999999999,1,ORATECHDATAHUB
INV_MANUFACTURERSES_S,1,99999999999999999999,1,ORATECHDATAHUB
INV_MANUFACTURERS_S,1,9999999999999999999999999999,1,ORATECHDATAHUB
INV_MKUPTEMP_HEADERS_S,1,9999999999999999999999999999,1,ORATECHDATAHUB
INV_MKUPTEMP_LINES_S,1,9999999999999999999999999999,1,ORATECHDATAHUB
INV_MONHLYREVIEW_VAL_SNAP_S,1,9999999999999999999999999999,1,ORATECHDATAHUB
INV_OPTIONS_S,1,99999999999999999999,1,ORATECHDATAHUB
INV_PALLETS_S,1,9999999999999999999999999999,1,ORATECHDATAHUB
INV_PRICE_BREAK_HEADERS_S,1,9999999999999999999999999999,1,ORATECHDATAHUB
INV_PRICE_BREAK_LINES_S,1,9999999999999999999999999999,1,ORATECHDATAHUB
INV_PRICE_TYPES_S,1,99999999999999999999,1,ORATECHDATAHUB
INV_QUICKCODE_HEADERS_S,1,9999999999999999999999999999,1,ORATECHDATAHUB
INV_QUICKCODE_LINES_S,1,9999999999999999999999999999,1,ORATECHDATAHUB
INV_REQUISITION_HEADERS_S,1,9999999999999999999999999999,1,ORATECHDATAHUB
INV_REQUISITION_LINES_S,1,9999999999999999999999999999,1,ORATECHDATAHUB
INV_SERIALNUM_TRANSACTIONS_S,1,9999999999999999999999999999,1,ORATECHDATAHUB
INV_SIMILAR_CATEGORIES_S,1,99999999999999999999,1,ORATECHDATAHUB
INV_SIMILAR_ITEM_HEADERS_S,1,9999999999999999999999999999,1,ORATECHDATAHUB
INV_SIMILAR_ITEM_LINES_S,1,9999999999999999999999999999,1,ORATECHDATAHUB
INV_SLOCASSIGN_BATCHS_S,1,9999999999999999999999999999,1,ORATECHDATAHUB
INV_SLOCASSIGN_HEADERS_S,1,9999999999999999999999999999,1,ORATECHDATAHUB
INV_SLOCASSIGN_LINES_S,1,9999999999999999999999999999,1,ORATECHDATAHUB
INV_STKTAKE_ITEMS_S,1,9999999999999999999999999999,1,ORATECHDATAHUB
INV_STKTAKE_TYPES_S,1,99999999999999999999,1,ORATECHDATAHUB
INV_STOCKSPLIT_HEADERS_S,1,9999999999999999999999999999,1,ORATECHDATAHUB
INV_STOCKSPLIT_LINES_S,1,9999999999999999999999999999,1,ORATECHDATAHUB
INV_STOCKTAKE_AUDITS_S,1,99999999999999999999,1,ORATECHDATAHUB
INV_STOCKTAKE_FILES_S,1,99999999999999999999,1,ORATECHDATAHUB
INV_SUBLOC_HIERARCHY_S,1,9999999999999999999999999999,1,ORATECHDATAHUB
INV_SUBLOC_VAL_SNAP_S,1,9999999999999999999999999999,1,ORATECHDATAHUB
INV_SUB_INVENTORIES_S,1,9999999999999999999999999999,1,ORATECHDATAHUB
INV_SUB_LOCATIONS_S,1,9999999999999999999999999999,1,ORATECHDATAHUB
INV_WEEE_CHARGES_S,1,9999999999999999999999999999,1,ORATECHDATAHUB
ISEQ$$_311095,1,9999999999999999999999999999,1,ORATECHDATAHUB
ISEQ$$_311098,1,9999999999999999999999999999,1,ORATECHDATAHUB
ISEQ$$_311102,1,9999999999999999999999999999,1,ORATECHDATAHUB
ISEQ$$_311111,1,9999999999999999999999999999,1,ORATECHDATAHUB
ISEQ$$_311114,1,9999999999999999999999999999,1,ORATECHDATAHUB
ISEQ$$_311118,1,9999999999999999999999999999,1,ORATECHDATAHUB
ITEM_FUZZY_SEARCH_S,1,9999999999999999999999999999,1,ORATECHDATAHUB
ITEM_NUMBER_S,1,99999999999999999999,1,ORATECHDATAHUB
ITEM_SEARCH_TEMP_S,1,9999999999999999999999999999,1,ORATECHDATAHUB
ITEM_TRANS_ARRAY_TEMP_S,1,9999999999999999999999999999,1,ORATECHDATAHUB
PALLET_BOXES_S,1,9999999999999999999999999999,1,ORATECHDATAHUB
PALLET_HEADERS_S,1,9999999999999999999999999999,1,ORATECHDATAHUB
PALLET_LINES_S,1,9999999999999999999999999999,1,ORATECHDATAHUB
PALLET_TRANSACTIONS_S,1,9999999999999999999999999999,1,ORATECHDATAHUB
PO_BUYERS_S,1,9999999999999999999999999999,1,ORATECHDATAHUB
PO_GRN_HEADERS_S,1,9999999999999999999999999999,1,ORATECHDATAHUB
PO_GRN_HEADER_S,1,99999999999999999999,1,ORATECHDATAHUB
PO_GRN_LINES_S,1,9999999999999999999999999999,1,ORATECHDATAHUB
PO_HEADERS_S,1,9999999999999999999999999999,1,ORATECHDATAHUB
PO_HEADER_S,1,99999999999999999999,1,ORATECHDATAHUB
PO_LINES_S,1,9999999999999999999999999999,1,ORATECHDATAHUB
PO_ORDERPAD_HEADERS_S,1,9999999999999999999999999999,1,ORATECHDATAHUB
PO_ORDERPAD_LINES_S,1,9999999999999999999999999999,1,ORATECHDATAHUB
PRICE_TEMPLATE_HEADERS_S,1,9999999999999999999999999999,1,ORATECHDATAHUB
PRICE_TEMPLATE_LINES_S,1,9999999999999999999999999999,1,ORATECHDATAHUB
PRICE_UPDATEITEMCP_HEADERS_S,1,9999999999999999999999999999,1,ORATECHDATAHUB
PRICE_UPDATEITEMCP_LINES_S,1,9999999999999999999999999999,1,ORATECHDATAHUB
PRICE_UPDATESP_PRICES_S,1,9999999999999999999999999999,1,ORATECHDATAHUB
PR_PRICELIST_HEADERS_S,1,9999999999999999999999999999,1,ORATECHDATAHUB
PR_PRICELIST_LINES_S,1,9999999999999999999999999999,1,ORATECHDATAHUB
RESULTSET_TEMP_S,1,9999999999999999999999999999,1,ORATECHDATAHUB
SIMILAR_ITEMS_HEADERS_S,1,99999999999999999999,1,ORATECHDATAHUB
SIMILAR_ITEM_LINES_S,1,99999999999999999999,1,ORATECHDATAHUB
SYS_ATTACHMENT_HEADERS_S,1,9999999999999999999999999999,1,ORATECHDATAHUB
SYS_ATTACHMENT_LINES_S,1,9999999999999999999999999999,1,ORATECHDATAHUB
SYS_BACKGROUNDJOBS_S,1,99999999999999999999,1,ORATECHDATAHUB
SYS_CONTROL_HEADERS_S,1,99999999999999999999,1,ORATECHDATAHUB
SYS_CONTROL_LINES_S,1,99999999999999999999,1,ORATECHDATAHUB
SYS_DIR_LIST_S,1,9999999999999999999999999999,1,ORATECHDATAHUB
SYS_FUNCTION_AUDIT_S,1,9999999999999999999999999999,1,ORATECHDATAHUB
SYS_JOB_PARAM_VALUES_S,1,9999999999999999999999999999,1,ORATECHDATAHUB
SYS_JOB_QUEUE_S,1,9999999999999999999999999999,1,ORATECHDATAHUB
SYS_LASTSAVED_VALUES_S,1,9999999999999999999999999999,1,ORATECHDATAHUB
SYS_LOGGEDINSESSIONS_S,1,9999999999999999999999999999,1,ORATECHDATAHUB
SYS_LOGIN_AUDIT_S,1,9999999999999999999999999999,1,ORATECHDATAHUB
SYS_LOG_HEADERS_S,1,9999999999999999999999999999,1,ORATECHDATAHUB
SYS_LOG_LINES_S,1,9999999999999999999999999999,1,ORATECHDATAHUB
SYS_NOTIFICATION_EVENTS_S,1,9999999999999999999999999999,1,ORATECHDATAHUB
SYS_NOTIFICATION_RECIPIENTS_S,1,9999999999999999999999999999,1,ORATECHDATAHUB
SYS_PROGRAMS_S,1,99999999999999999999,1,ORATECHDATAHUB
SYS_SCHEDULED_JOBS_S,1,9999999999999999999999999999,1,ORATECHDATAHUB
SYS_SCHEDULE_HEADERS_S,1,9999999999999999999999999999,1,ORATECHDATAHUB
SYS_SCHEDULE_JOBS_S,1,9999999999999999999999999999,1,ORATECHDATAHUB
SYS_SCHEDULE_JOB_PARAMS_S,1,99999999999999999999,1,ORATECHDATAHUB
SYS_SCHEDULE_LINES_S,1,9999999999999999999999999999,1,ORATECHDATAHUB
SYS_SESSION_VAR_TEMP_S,1,9999999999999999999999999999,1,ORATECHDATAHUB
SYS_UIITEMATTRS_S,1,9999999999999999999999999999,1,ORATECHDATAHUB
SYS_UIITEMS_S,1,9999999999999999999999999999,1,ORATECHDATAHUB
SYS_UIREGIONS_S,1,9999999999999999999999999999,1,ORATECHDATAHUB
SYS_USER_CONTROLS_S,1,99999999999999999999,1,ORATECHDATAHUB
SYS_WORKLIST_S,1,9999999999999999999999999999,1,ORATECHDATAHUB
TP_STOCK_LINES_S,1,9999999999999999999999999999,1,ORATECHDATAHUB
TP_STOCK_SOURCES_S,1,9999999999999999999999999999,1,ORATECHDATAHUB
WWW_NODES_S,1,9999999999999999999999999999,1,ORATECHDATAHUB
WWW_NODE_LINKS_S,1,9999999999999999999999999999,1,ORATECHDATAHUB
WWW_SOURCES_S,1,9999999999999999999999999999,1,ORATECHDATAHUB
WWW_SUB_SOURCES_S,1,9999999999999999999999999999,1,ORATECHDATAHUB
